,Age Group,All Substances,Alcohol Only,Alcohol with secondary drug,Heroin,Other opiates,Cocaine (smoked),Cocaine (other route),Marijuana,Amphetamines,Other stimulants,Tranquilizers,Sedatives,Hallucinogens,PCP,Inhalants,Other/Unknown,state
0,21-25 years,10.4,5.0,7.2,10.3,9.5,1.8,4.7,21.1,10.3,4.9,13.3,4.5,30.6,15.8,7.1,9.5,Georgia
1,26-30 years,17.1,10.9,13.0,26.0,22.1,6.2,12.8,22.7,19.3,25.6,16.7,9.1,26.5,10.5,7.1,20.3,Georgia
2,31-35 years,16.7,13.3,15.8,23.8,21.5,9.8,13.9,15.5,20.0,11.0,15.5,20.5,8.2,15.8,35.7,20.3,Georgia
3,36-40 years,13.9,12.4,13.1,13.2,15.5,10.5,13.9,11.9,17.9,18.3,15.5,20.5,4.1,21.1,21.4,14.5,Georgia
4,41-45 years,11.2,13.2,11.5,8.7,11.1,10.8,13.7,7.2,13.7,13.4,10.5,15.9,6.1,0.0,7.1,9.3,Georgia
5,46-50 years,8.5,12.0,10.0,4.0,6.7,13.7,12.6,4.4,8.3,13.4,7.6,4.5,0.0,10.5,7.1,9.5,Georgia
6,51-55 years,8.1,12.4,11.5,4.9,5.0,19.1,11.8,3.7,4.8,4.9,7.2,9.1,6.1,15.8,0.0,5.0,Georgia
7,56-60 years,6.8,12.4,10.9,3.8,4.2,16.0,10.1,2.1,2.8,2.4,4.2,4.5,0.0,5.3,7.1,2.8,Georgia
8,61-65 years,3.0,5.7,4.1,2.5,1.7,8.6,3.6,1.1,1.0,2.4,2.4,4.5,2.0,0.0,0.0,1.8,Georgia
9,66 years and over,0.9,1.7,1.1,1.2,0.6,2.8,1.3,0.3,0.1,2.4,1.0,0.0,0.0,0.0,0.0,1.0,Georgia
10,Unknown,0.1,0.1,0.0,0.0,0.2,0.0,0.2,0.1,0.1,0.0,0.2,0.0,0.0,0.0,0.0,0.2,Georgia
11,Total,100.0,100.0,100.0,100.0,100.0,100.0,100.0,100.0,100.0,100.0,100.0,100.0,100.0,100.0,100.0,100.0,Georgia
12,,10.8,6.5,5.2,10.5,10.1,2.8,6.0,23.0,9.1,12.8,15.2,14.2,16.0,0.0,9.1,8.6,North Carolina
13,,18.6,11.7,13.5,23.2,22.2,6.3,14.4,23.1,18.7,19.7,22.2,22.0,16.0,16.7,0.0,17.6,North Carolina
14,,19.1,13.9,15.5,24.9,21.7,9.0,15.2,17.6,21.8,28.2,20.9,22.0,28.0,26.2,18.2,19.4,North Carolina
15,,15.4,14.8,14.7,16.6,17.6,11.1,18.0,11.3,18.8,12.2,13.9,13.4,12.0,28.6,18.2,15.8,North Carolina
16,,11.2,13.1,12.9,9.9,11.7,13.3,14.6,7.2,13.5,11.7,8.9,5.5,4.0,14.3,0.0,11.1,North Carolina
17,,8.4,12.0,12.2,6.4,7.1,16.9,11.0,3.7,8.9,6.4,7.0,5.5,6.0,7.1,18.2,8.8,North Carolina
18,,6.7,11.2,12.9,4.0,4.5,17.8,10.3,2.4,4.6,3.7,2.6,6.3,4.0,0.0,18.2,7.6,North Carolina
19,,4.4,9.4,8.0,2.1,2.3,13.5,6.3,1.3,2.2,3.2,2.6,0.8,2.0,2.4,9.1,5.3,North Carolina
20,,2.0,4.3,3.2,1.2,1.3,6.6,2.4,0.4,1.0,1.1,1.3,2.4,0.0,0.0,0.0,2.6,North Carolina
21,,0.8,2.2,1.2,0.5,0.4,2.7,0.9,0.2,0.1,0.0,0.7,0.8,0.0,0.0,9.1,1.0,North Carolina
22,,0.0,0.0,0.0,0.0,0.0,0.0,0.0,0.0,0.0,0.0,0.0,0.0,0.0,0.0,0.0,0.0,North Carolina
23,,100.0,100.0,100.0,100.0,100.0,100.0,100.0,100.0,100.0,100.0,100.0,100.0,100.0,100.0,100.0,100.0,North Carolina
24,,11.8,8.3,11.4,22.7,10.1,0.0,15.8,18.1,10.7,33.3,0.0,0.0,50.0,0.0,83.3,23.5,Wyoming
25,,17.5,13.9,16.7,33.3,24.3,0.0,31.6,13.8,18.9,11.1,0.0,0.0,0.0,0.0,16.7,11.8,Wyoming
26,,19.7,16.3,23.0,24.4,23.7,0.0,0.0,13.6,22.0,33.3,28.6,0.0,0.0,100.0,0.0,11.8,Wyoming
27,,14.1,13.3,12.6,8.9,16.6,25.0,10.5,10.7,17.9,0.0,28.6,33.3,0.0,0.0,0.0,0.0,Wyoming
28,,10.8,12.1,12.0,2.7,7.7,50.0,21.1,5.5,12.5,0.0,0.0,0.0,0.0,0.0,0.0,11.8,Wyoming
29,,6.9,9.9,6.2,2.7,3.6,0.0,5.3,2.1,7.7,0.0,0.0,0.0,0.0,0.0,0.0,0.0,Wyoming
30,,4.6,8.4,3.3,0.9,5.3,0.0,0.0,2.9,3.3,0.0,14.3,0.0,0.0,0.0,0.0,0.0,Wyoming
31,,3.5,5.2,4.2,0.4,4.7,0.0,0.0,1.0,2.7,22.2,0.0,0.0,0.0,0.0,0.0,0.0,Wyoming
32,,2.6,5.2,2.3,0.4,2.4,0.0,0.0,1.0,1.3,0.0,0.0,0.0,0.0,0.0,0.0,5.9,Wyoming
33,,1.4,3.3,1.0,0.0,0.6,0.0,0.0,1.4,0.2,0.0,14.3,0.0,0.0,0.0,0.0,0.0,Wyoming
34,,0.0,0.0,0.0,0.0,0.0,0.0,0.0,0.0,0.0,0.0,0.0,0.0,0.0,0.0,0.0,0.0,Wyoming
35,,100.0,100.0,100.0,100.0,100.0,100.0,100.0,100.0,100.0,100.0,100.0,100.0,100.0,100.0,100.0,100.0,Wyoming
36,,5.7,2.5,7.2,6.0,6.2,2.6,5.3,10.5,9.1,0.0,0.0,0.0,0.0,0.0,0.0,0.0,New Hampshire
37,,16.6,7.5,10.1,23.1,14.2,15.4,21.1,21.1,19.1,0.0,0.0,0.0,0.0,0.0,0.0,0.0,New Hampshire
38,,21.8,13.8,15.9,28.4,19.5,15.4,21.1,15.8,23.6,25.0,50.0,0.0,0.0,0.0,100.0,50.0,New Hampshire
39,,17.0,6.3,17.4,19.1,24.8,10.3,21.1,21.1,18.2,50.0,0.0,50.0,0.0,0.0,0.0,50.0,New Hampshire
40,,12.0,11.9,17.4,10.7,11.5,20.5,10.5,15.8,10.0,0.0,50.0,0.0,0.0,0.0,0.0,0.0,New Hampshire
41,,7.0,11.3,4.3,4.7,8.8,10.3,0.0,0.0,8.2,25.0,0.0,0.0,0.0,0.0,0.0,0.0,New Hampshire
42,,7.7,14.4,13.0,3.7,6.2,12.8,0.0,5.3,8.2,0.0,0.0,0.0,0.0,0.0,0.0,0.0,New Hampshire
43,,5.1,11.9,4.3,2.7,3.5,12.8,10.5,0.0,0.9,0.0,0.0,50.0,0.0,0.0,0.0,0.0,New Hampshire
44,,3.6,11.3,5.8,1.0,3.5,0.0,5.3,0.0,0.0,0.0,0.0,0.0,0.0,0.0,0.0,0.0,New Hampshire
45,,2.1,9.4,1.4,0.3,0.0,0.0,5.3,0.0,0.0,0.0,0.0,0.0,0.0,0.0,0.0,0.0,New Hampshire
46,,0.0,0.0,0.0,0.0,0.0,0.0,0.0,0.0,0.0,0.0,0.0,0.0,0.0,0.0,0.0,0.0,New Hampshire
47,,100.0,100.0,100.0,100.0,100.0,100.0,100.0,100.0,100.0,100.0,100.0,100.0,0.0,0.0,100.0,100.0,New Hampshire
48,,8.3,6.0,7.9,10.4,5.8,4.6,7.0,16.4,10.4,30.0,19.1,15.0,10.5,50.0,11.8,4.7,Wisconsin
49,,15.1,10.1,15.0,23.6,14.3,8.7,19.8,16.1,21.6,20.0,10.4,10.0,31.6,0.0,23.5,12.7,Wisconsin
50,,18.5,14.0,17.4,27.3,25.3,13.4,17.0,15.4,23.3,30.0,13.9,15.0,31.6,0.0,11.8,23.6,Wisconsin
51,,15.2,13.9,15.9,18.3,17.9,9.9,12.4,11.1,20.0,0.0,11.3,25.0,5.3,0.0,11.8,12.3,Wisconsin
52,,11.4,12.2,12.3,7.1,15.3,15.2,11.5,7.8,12.0,0.0,7.0,5.0,0.0,0.0,29.4,10.8,Wisconsin
53,,8.5,10.5,9.3,4.9,8.5,12.6,12.0,4.4,4.7,10.0,12.2,10.0,0.0,0.0,0.0,16.5,Wisconsin
54,,7.2,10.1,8.0,3.0,5.4,16.7,7.2,1.5,2.8,0.0,7.0,10.0,5.3,0.0,0.0,5.7,Wisconsin
55,,7.0,11.8,7.8,2.7,3.8,9.8,7.4,2.1,2.0,0.0,2.6,0.0,0.0,0.0,0.0,2.8,Wisconsin
56,,3.8,6.7,3.3,1.1,1.3,7.0,3.7,1.0,1.0,0.0,0.0,5.0,0.0,0.0,0.0,6.6,Wisconsin
57,,1.8,3.7,1.4,0.5,0.5,2.0,1.3,0.6,0.0,0.0,0.0,0.0,0.0,0.0,0.0,1.4,Wisconsin
58,,0.0,0.0,0.0,0.0,0.0,0.0,0.0,0.0,0.0,0.0,0.0,0.0,0.0,0.0,0.0,0.0,Wisconsin
59,,100.0,100.0,100.0,100.0,100.0,100.0,100.0,100.0,100.0,100.0,100.0,100.0,100.0,100.0,100.0,100.0,Wisconsin
60,,12.8,5.9,13.3,16.4,27.6,1.1,13.0,17.5,11.6,15.0,30.3,18.5,22.4,4.8,8.8,17.7,Minnesota
61,,17.1,10.1,16.2,29.0,20.4,4.4,16.0,14.3,18.9,19.5,20.0,21.5,21.0,12.9,5.9,20.4,Minnesota
62,,18.4,14.3,18.0,23.4,13.5,6.3,15.4,12.6,23.9,22.1,10.7,12.3,15.4,40.3,32.4,16.4,Minnesota
63,,14.6,14.5,15.4,13.2,8.6,6.7,11.3,9.5,18.7,13.3,5.8,13.8,8.4,16.1,5.9,13.3,Minnesota
64,,9.9,12.4,10.7,6.3,5.4,10.7,10.8,5.7,11.3,7.1,6.1,3.1,7.7,17.7,8.8,9.5,Minnesota
65,,6.9,11.1,7.7,3.4,2.7,15.9,9.9,3.3,6.3,2.7,3.0,1.5,3.5,6.5,23.5,4.2,Minnesota
66,,5.6,11.2,5.9,2.6,1.6,20.6,6.8,2.1,3.7,7.1,0.9,3.1,1.4,0.0,2.9,2.2,Minnesota
67,,4.8,10.4,5.2,2.0,1.4,22.7,7.1,1.6,2.1,0.9,0.9,4.6,2.8,0.0,0.0,2.7,Minnesota
68,,2.4,5.8,2.5,0.8,0.9,8.4,2.3,0.7,0.7,2.7,1.2,6.2,0.0,0.0,0.0,2.9,Minnesota
69,,1.0,2.9,0.7,0.5,0.4,3.0,0.8,0.3,0.1,0.9,1.2,3.1,0.0,0.0,0.0,0.2,Minnesota
70,,0.0,0.0,0.0,0.0,0.0,0.0,0.0,0.0,0.0,0.0,0.0,0.0,0.0,0.0,0.0,0.0,Minnesota
71,,100.0,100.0,100.0,100.0,100.0,100.0,100.0,100.0,100.0,100.0,100.0,100.0,100.0,100.0,100.0,100.0,Minnesota
72,,6.2,5.5,7.7,5.2,6.0,3.6,4.6,18.2,8.3,4.5,6.4,3.2,8.0,2.5,20.0,6.0,Maryland
73,,15.4,12.3,16.6,16.2,17.3,10.1,12.7,20.8,22.2,6.8,22.6,3.2,8.0,14.8,0.0,15.1,Maryland
74,,18.5,14.6,18.2,20.1,21.6,13.6,20.4,14.1,31.4,25.0,19.9,29.0,24.1,21.7,0.0,18.0,Maryland
75,,15.1,15.7,14.9,15.6,15.5,11.2,15.9,9.8,16.8,22.7,21.8,12.9,17.2,32.8,60.0,15.0,Maryland
76,,10.3,12.9,10.2,10.3,10.1,13.6,13.1,5.7,9.8,13.6,11.7,9.7,19.5,16.8,10.0,10.2,Maryland
77,,8.8,9.2,9.4,9.0,8.0,11.6,9.5,2.8,3.7,9.1,6.8,6.5,10.3,4.5,10.0,9.0,Maryland
78,,10.2,12.0,11.3,11.1,10.0,15.1,10.9,3.3,3.4,0.0,3.8,12.9,3.4,4.1,0.0,10.1,Maryland
79,,7.9,9.1,5.9,7.6,6.7,14.5,7.6,1.9,2.0,6.8,3.8,12.9,2.3,2.5,0.0,8.2,Maryland
80,,3.7,5.3,3.4,3.2,3.6,4.5,3.4,0.8,0.7,0.0,1.1,9.7,0.0,0.4,0.0,3.9,Maryland
81,,1.3,1.9,0.4,1.2,0.7,1.4,1.0,0.2,0.0,0.0,0.0,0.0,0.0,0.0,0.0,1.4,Maryland
82,,0.0,0.0,0.0,0.0,0.0,0.0,0.0,0.0,0.0,0.0,0.0,0.0,0.0,0.0,0.0,0.0,Maryland
83,,100.0,100.0,100.0,100.0,100.0,100.0,100.0,100.0,100.0,100.0,100.0,100.0,100.0,100.0,100.0,100.0,Maryland
84,,9.3,4.8,7.7,8.0,10.2,4.0,8.3,19.5,11.5,6.7,8.8,12.8,22.9,0.0,13.3,14.8,Pennsylvania
85,,16.8,11.8,14.6,21.0,19.9,6.1,15.8,16.9,20.0,20.0,17.1,10.3,14.3,10.8,6.7,11.1,Pennsylvania
86,,17.1,11.8,14.1,22.2,20.8,11.9,15.1,13.2,21.6,28.9,14.6,12.8,28.6,32.3,20.0,22.2,Pennsylvania
87,,15.1,11.7,15.1,18.8,17.5,14.2,17.1,9.3,17.6,11.1,16.6,23.1,11.4,20.0,0.0,14.8,Pennsylvania
88,,10.4,10.6,10.6,11.5,10.3,10.4,13.8,6.0,11.8,4.4,6.8,10.3,11.4,21.5,13.3,7.4,Pennsylvania
89,,7.1,10.6,8.6,5.9,5.3,10.6,7.5,3.2,6.6,4.4,4.9,2.6,0.0,9.2,26.7,5.6,Pennsylvania
90,,6.8,10.4,10.1,4.8,5.1,15.5,8.0,2.6,4.5,2.2,7.3,2.6,2.9,4.6,0.0,3.7,Pennsylvania
91,,6.0,11.7,8.0,3.5,4.3,13.9,7.3,2.0,2.7,2.2,4.4,7.7,0.0,0.0,20.0,3.7,Pennsylvania
92,,3.7,7.6,5.1,1.9,2.2,9.2,4.0,1.1,0.8,2.2,5.9,15.4,0.0,1.5,0.0,0.0,Pennsylvania
93,,2.7,7.2,2.2,1.4,2.2,3.1,2.0,0.7,0.2,0.0,5.4,2.6,0.0,0.0,0.0,1.9,Pennsylvania
94,,0.0,0.0,0.0,0.0,0.0,0.0,0.0,0.0,0.0,0.0,0.0,0.0,0.0,0.0,0.0,0.0,Pennsylvania
95,,100.0,100.0,100.0,100.0,100.0,100.0,100.0,100.0,100.0,100.0,100.0,100.0,100.0,100.0,100.0,100.0,Pennsylvania
96,,9.6,5.1,8.1,8.0,8.9,1.9,11.8,17.3,9.4,11.1,14.5,8.6,12.0,0.7,18.8,13.3,Texas
97,,17.5,11.7,16.7,23.2,19.2,5.1,19.9,16.7,19.3,22.2,19.7,11.4,14.0,7.6,25.0,18.4,Texas
98,,18.6,15.2,19.1,22.8,20.1,11.2,18.3,12.2,23.1,11.1,20.6,14.3,16.0,18.7,6.3,19.0,Texas
99,,16.2,17.2,18.5,18.2,18.2,14.2,16.5,7.7,19.0,22.2,12.7,25.7,18.0,29.1,18.8,14.6,Texas
100,,11.1,14.2,12.1,12.4,12.7,12.5,14.3,4.0,11.9,22.2,5.3,2.9,12.0,31.5,18.8,6.4,Texas
101,,7.0,11.8,8.1,5.8,7.4,13.6,7.9,2.4,7.0,11.1,2.9,8.6,0.0,8.7,0.0,6.2,Texas
102,,5.3,9.5,7.1,4.1,4.6,17.0,4.4,1.2,4.6,0.0,0.6,0.0,2.0,3.1,0.0,5.1,Texas
103,,3.8,8.8,4.5,2.7,3.2,13.7,2.5,0.6,2.3,0.0,1.3,5.7,2.0,0.3,0.0,3.3,Texas
104,,1.8,4.1,2.5,1.4,1.6,8.1,0.7,0.3,0.9,0.0,1.0,0.0,2.0,0.0,0.0,1.3,Texas
105,,0.6,1.5,0.7,0.6,0.6,1.9,0.1,0.1,0.3,0.0,0.3,2.9,0.0,0.0,0.0,0.9,Texas
106,,0.0,0.0,0.0,0.0,0.0,0.0,0.0,0.0,0.0,0.0,0.0,0.0,0.0,0.0,0.0,0.0,Texas
107,,100.0,100.0,100.0,100.0,100.0,100.0,100.0,100.0,100.0,100.0,100.0,100.0,100.0,100.0,100.0,100.0,Texas
108,,7.2,5.5,6.6,6.0,5.8,3.8,6.2,12.7,12.5,7.6,13.4,15.7,12.4,40.0,2.7,6.1,Florida
109,,13.8,10.9,12.6,19.6,17.7,10.8,14.3,14.0,18.0,15.1,17.2,14.6,20.6,0.0,13.5,10.2,Florida
110,,16.4,14.5,15.0,24.3,23.5,14.2,17.8,10.6,22.1,19.7,23.4,19.1,21.6,20.0,8.1,11.8,Florida
111,,14.0,13.9,15.5,19.9,20.7,12.5,15.1,6.4,19.3,17.3,15.7,19.1,18.6,20.0,10.8,9.9,Florida
112,,9.6,11.9,13.9,12.2,12.2,10.4,11.4,4.0,11.9,9.5,7.7,11.2,6.2,0.0,18.9,6.8,Florida
113,,6.8,11.0,9.8,6.4,6.7,10.2,8.9,2.4,7.0,5.2,6.5,4.5,4.1,0.0,5.4,5.5,Florida
114,,5.9,10.6,8.1,4.9,4.8,14.9,11.6,1.4,3.2,5.0,3.0,2.2,2.1,0.0,5.4,4.8,Florida
115,,4.9,10.4,8.3,2.5,3.8,14.2,6.6,0.8,1.7,2.6,3.2,4.5,2.1,0.0,5.4,4.1,Florida
116,,2.8,5.8,5.1,2.1,2.3,5.4,4.2,0.6,0.8,2.2,1.5,0.0,0.0,0.0,2.7,2.4,Florida
117,,1.4,3.1,1.7,1.4,1.2,3.0,1.5,0.2,0.2,0.9,0.5,1.1,0.0,0.0,2.7,1.0,Florida
118,,0.0,0.0,0.1,0.0,0.0,0.0,0.0,0.0,0.0,0.0,0.0,0.0,0.0,0.0,0.0,0.0,Florida
119,,100.0,100.0,100.0,100.0,100.0,100.0,100.0,100.0,100.0,100.0,100.0,100.0,100.0,100.0,100.0,100.0,Florida
120,,6.4,3.5,5.3,6.6,6.2,3.8,7.4,15.7,11.4,15.2,13.4,10.9,30.0,0.0,10.6,9.4,Michigan
121,,15.8,11.0,13.3,19.9,18.7,7.5,17.9,21.4,21.6,17.7,21.4,14.1,12.5,0.0,33.3,11.1,Michigan
122,,19.3,14.3,16.9,25.5,24.8,11.0,16.3,16.1,24.2,30.4,19.7,22.8,17.5,50.0,15.2,28.2,Michigan
123,,16.1,15.6,15.5,17.1,20.1,11.4,15.5,11.2,18.7,16.5,15.5,17.4,17.5,0.0,18.2,20.5,Michigan
124,,11.4,12.6,13.1,10.2,11.3,11.6,13.5,7.8,10.1,6.3,7.5,6.5,2.5,50.0,6.1,9.4,Michigan
125,,8.8,12.4,10.5,5.9,6.4,13.2,9.3,4.3,5.7,2.5,4.1,1.1,2.5,0.0,4.5,4.3,Michigan
126,,8.3,12.6,10.1,4.8,4.5,17.9,7.5,2.9,3.2,5.1,5.2,4.3,0.0,0.0,1.5,7.7,Michigan
127,,6.9,10.6,8.9,3.8,3.8,15.1,7.0,2.8,1.6,1.3,1.7,6.5,0.0,0.0,3.0,2.6,Michigan
128,,3.6,5.2,4.2,3.2,2.0,6.4,3.0,0.8,0.3,2.5,2.3,5.4,0.0,0.0,0.0,1.7,Michigan
129,,1.3,1.4,0.8,2.3,1.0,1.7,0.7,0.3,0.1,0.0,0.2,1.1,0.0,0.0,0.0,0.0,Michigan
130,,0.0,0.0,0.0,0.0,0.0,0.0,0.0,0.0,0.0,0.0,0.0,0.0,0.0,0.0,0.0,0.0,Michigan
131,,100.0,100.0,100.0,100.0,100.0,100.0,100.0,100.0,100.0,100.0,100.0,100.0,100.0,100.0,100.0,100.0,Michigan
132,,7.2,1.9,3.0,9.5,4.8,3.6,19.0,1.7,9.8,0.0,22.2,0.0,0.0,0.0,0.0,0.0,Hawaii
133,,14.4,4.3,11.1,31.3,28.6,35.7,14.3,4.2,14.7,0.0,33.3,0.0,0.0,0.0,0.0,0.0,Hawaii
134,,17.5,14.5,18.7,22.4,26.2,14.3,28.6,5.9,18.6,0.0,0.0,0.0,0.0,0.0,0.0,0.0,Hawaii
135,,14.2,16.9,11.6,13.6,4.8,3.6,9.5,7.6,16.3,0.0,11.1,0.0,0.0,0.0,0.0,0.0,Hawaii
136,,10.3,9.2,15.2,8.8,16.7,0.0,4.8,2.5,11.2,0.0,0.0,0.0,0.0,0.0,0.0,0.0,Hawaii
137,,10.4,19.3,14.6,4.8,2.4,7.1,4.8,5.0,9.9,0.0,0.0,0.0,0.0,0.0,0.0,0.0,Hawaii
138,,9.3,12.1,11.1,4.1,0.0,17.9,4.8,8.4,9.7,0.0,0.0,0.0,0.0,0.0,0.0,0.0,Hawaii
139,,4.8,12.1,5.6,2.7,2.4,10.7,0.0,1.7,3.9,0.0,0.0,0.0,0.0,0.0,0.0,0.0,Hawaii
140,,2.7,5.8,3.0,1.4,7.1,7.1,0.0,1.7,1.9,0.0,11.1,0.0,0.0,0.0,0.0,0.0,Hawaii
141,,1.0,2.9,2.0,0.7,4.8,0.0,0.0,0.0,0.4,0.0,0.0,0.0,0.0,0.0,0.0,0.0,Hawaii
142,,0.0,0.0,0.0,0.0,0.0,0.0,0.0,0.0,0.0,0.0,0.0,0.0,0.0,0.0,0.0,0.0,Hawaii
143,,100.0,100.0,100.0,100.0,100.0,100.0,100.0,100.0,100.0,0.0,100.0,0.0,0.0,0.0,0.0,100.0,Hawaii
144,,8.8,5.1,7.8,7.1,10.6,3.4,7.9,18.1,10.6,10.5,15.5,12.0,14.1,2.4,13.1,8.4,United States
145,,16.1,10.5,13.9,19.7,20.0,8.2,15.1,18.2,19.4,19.7,18.1,14.3,19.4,10.1,19.3,15.4,United States
146,,17.7,13.6,15.7,22.0,21.5,11.6,17.4,14.1,21.4,21.6,18.4,14.4,19.6,24.9,15.4,17.1,United States
147,,14.9,13.9,14.7,16.4,16.6,11.8,15.6,9.8,18.3,16.4,14.5,10.0,13.2,26.8,13.9,14.4,United States
148,,10.7,12.1,11.7,10.6,10.1,11.8,12.6,6.1,11.9,10.2,8.3,5.9,8.5,19.3,10.7,10.3,United States
149,,8.1,11.4,9.5,7.3,6.2,12.4,9.5,3.5,7.3,5.9,5.2,4.4,4.9,8.6,9.0,8.3,United States
150,,7.7,11.8,10.3,6.8,4.8,16.7,8.9,2.4,4.7,4.4,4.2,4.1,3.2,3.5,3.3,8.0,United States
151,,6.3,10.9,8.4,5.1,3.6,14.5,6.6,1.7,2.7,2.4,3.0,3.3,2.1,3.4,3.7,6.7,United States
152,,3.3,6.2,3.9,2.8,2.0,6.7,2.9,0.8,1.0,1.4,2.0,3.3,0.9,0.6,1.1,3.9,United States
153,,1.5,3.1,1.3,1.4,1.0,2.2,1.1,0.3,0.2,0.4,0.9,19.1,0.5,0.1,0.7,2.0,United States
154,,0.0,0.0,0.0,0.0,0.0,0.0,0.0,0.0,0.0,0.0,0.0,0.0,0.0,0.0,0.0,0.1,United States
155,,100.0,100.0,100.0,100.0,100.0,100.0,100.0,100.0,100.0,100.0,100.0,100.0,100.0,100.0,100.0,100.0,United States
156,,9.1,3.8,6.1,9.9,9.8,3.7,6.0,15.0,10.8,7.1,13.0,13.0,18.8,0.0,0.0,7.5,Tennessee
157,,18.5,10.9,15.4,25.6,21.3,5.2,14.2,17.9,19.2,0.0,22.8,34.8,31.3,0.0,28.6,9.4,Tennessee
158,,19.1,12.7,15.3,25.2,24.1,9.9,18.7,13.0,20.5,28.6,16.3,13.0,6.3,0.0,0.0,1.9,Tennessee
159,,16.4,14.7,17.2,15.9,19.5,10.8,20.4,9.9,18.2,14.3,14.1,13.0,18.8,0.0,0.0,26.4,Tennessee
160,,12.0,13.5,13.7,11.3,11.4,12.1,14.4,6.7,13.1,28.6,16.3,8.7,6.3,0.0,0.0,18.9,Tennessee
161,,8.6,13.9,11.5,6.5,6.7,14.7,12.3,3.6,8.6,7.1,4.3,4.3,6.3,0.0,0.0,11.3,Tennessee
162,,5.9,11.4,8.4,2.8,3.8,18.6,7.1,3.4,4.7,0.0,2.2,0.0,6.3,0.0,0.0,5.7,Tennessee
163,,4.2,12.1,7.7,1.3,1.6,14.2,2.6,1.6,1.9,0.0,4.9,0.0,0.0,0.0,0.0,7.5,Tennessee
164,,1.6,4.6,2.7,0.5,0.6,7.6,3.0,0.3,0.5,0.0,2.2,0.0,0.0,0.0,0.0,1.9,Tennessee
165,,0.3,1.0,0.3,0.0,0.2,2.6,0.2,0.2,0.0,0.0,0.0,0.0,0.0,0.0,0.0,5.7,Tennessee
166,,0.0,0.0,0.0,0.0,0.0,0.0,0.0,0.0,0.0,0.0,0.0,0.0,0.0,0.0,0.0,0.0,Tennessee
167,,100.0,100.0,100.0,100.0,100.0,100.0,100.0,100.0,100.0,100.0,100.0,100.0,100.0,0.0,100.0,100.0,Tennessee
168,,2.7,2.3,1.4,1.3,6.3,0.8,2.5,9.3,11.5,13.3,50.0,0.0,7.0,1.3,0.0,8.7,District Of Columbia
169,,9.4,10.0,11.5,4.6,27.1,2.8,7.5,16.6,23.0,26.7,0.0,0.0,22.8,9.4,0.0,8.7,District Of Columbia
170,,10.5,14.0,8.7,4.4,16.7,4.8,20.0,14.3,31.1,13.3,0.0,0.0,15.8,20.7,0.0,8.7,District Of Columbia
171,,12.5,12.8,13.7,8.0,14.6,5.3,5.0,16.2,11.5,13.3,0.0,0.0,14.0,28.5,0.0,13.0,District Of Columbia
172,,11.6,11.4,12.5,9.8,10.4,6.1,22.5,13.1,13.1,0.0,50.0,0.0,12.3,20.1,0.0,21.7,District Of Columbia
173,,9.3,12.1,9.9,7.5,5.2,12.1,7.5,5.0,6.6,6.7,0.0,0.0,10.5,8.5,0.0,21.7,District Of Columbia
174,,14.5,14.4,15.1,16.3,6.3,24.2,15.0,7.7,3.3,6.7,0.0,0.0,7.0,6.3,0.0,13.0,District Of Columbia
175,,16.4,12.8,16.6,24.6,6.3,28.5,12.5,3.1,0.0,20.0,0.0,0.0,7.0,4.4,0.0,0.0,District Of Columbia
176,,8.0,6.5,7.4,15.6,1.0,11.1,5.0,1.9,0.0,0.0,0.0,0.0,0.0,0.9,0.0,0.0,District Of Columbia
177,,3.8,3.7,2.9,7.9,4.2,4.0,0.0,0.8,0.0,0.0,0.0,0.0,3.5,0.0,0.0,0.0,District Of Columbia
178,,0.0,0.0,0.0,0.0,0.0,0.0,0.0,0.0,0.0,0.0,0.0,0.0,0.0,0.0,0.0,0.0,District Of Columbia
179,,100.0,100.0,100.0,100.0,100.0,100.0,100.0,100.0,100.0,100.0,100.0,0.0,100.0,100.0,0.0,100.0,District Of Columbia
180,,10.2,5.9,8.2,9.8,9.0,2.9,5.9,17.6,9.9,14.3,20.0,21.4,13.3,0.0,18.8,12.6,Arkansas
181,,16.8,9.7,14.7,28.7,22.9,3.5,16.8,17.8,17.0,9.5,21.2,21.4,10.0,13.6,37.5,15.5,Arkansas
182,,18.6,14.9,16.6,24.5,24.9,9.9,13.4,15.4,19.8,23.8,12.9,7.1,16.7,13.6,6.3,19.4,Arkansas
183,,17.6,17.1,17.8,18.7,17.5,15.1,23.5,13.4,19.0,9.5,12.9,14.3,26.7,50.0,12.5,16.5,Arkansas
184,,11.9,13.2,14.8,8.3,10.2,9.9,7.6,7.8,13.4,9.5,3.5,7.1,10.0,22.7,0.0,9.4,Arkansas
185,,7.6,10.2,10.3,4.6,4.4,7.6,12.6,4.1,8.4,4.8,5.9,28.6,6.7,0.0,6.3,6.1,Arkansas
186,,5.5,9.8,6.4,1.5,3.6,19.2,4.2,2.4,5.5,4.8,3.5,0.0,3.3,0.0,12.5,4.0,Arkansas
187,,4.2,9.1,5.0,0.9,3.6,21.5,5.0,1.5,3.4,0.0,4.7,0.0,0.0,0.0,0.0,2.9,Arkansas
188,,2.0,5.1,2.7,0.9,2.0,8.1,5.9,0.5,1.1,9.5,1.2,0.0,0.0,0.0,0.0,2.2,Arkansas
189,,0.7,2.6,0.6,1.2,0.8,2.3,0.8,0.2,0.3,0.0,0.0,0.0,0.0,0.0,0.0,0.4,Arkansas
190,,0.0,0.0,0.0,0.0,0.0,0.0,0.0,0.0,0.0,0.0,0.0,0.0,0.0,0.0,0.0,0.0,Arkansas
191,,100.0,100.0,100.0,100.0,100.0,100.0,100.0,100.0,100.0,100.0,100.0,100.0,100.0,100.0,100.0,100.0,Arkansas
192,,11.4,6.6,8.9,9.2,10.4,3.3,6.0,20.5,12.3,7.2,18.1,4.8,26.4,2.3,0.0,10.8,Ohio
193,,18.3,11.9,14.8,23.0,22.0,9.7,13.9,19.6,20.2,26.1,14.0,9.5,18.9,1.5,30.0,17.7,Ohio
194,,18.4,14.1,15.7,23.9,23.4,11.9,18.5,15.0,21.2,13.0,21.6,28.6,13.2,5.3,10.0,13.2,Ohio
195,,15.4,13.9,15.2,19.3,18.5,10.8,15.1,9.7,18.2,26.1,14.6,4.8,11.3,28.2,20.0,12.2,Ohio
196,,10.9,12.9,12.4,11.0,11.1,10.9,13.6,7.1,11.8,10.1,10.5,9.5,9.4,31.3,0.0,7.3,Ohio
197,,6.8,10.5,9.2,5.5,5.0,12.0,9.4,3.5,6.4,10.1,4.1,9.5,3.8,23.7,10.0,6.9,Ohio
198,,5.3,9.5,8.1,3.4,3.7,15.3,9.4,1.9,4.0,2.9,0.6,19.0,1.9,4.6,10.0,5.6,Ohio
199,,4.4,10.5,7.1,2.2,2.1,15.3,7.0,1.4,2.1,0.0,5.8,0.0,0.0,1.5,0.0,5.9,Ohio
200,,2.2,5.4,3.5,1.2,1.1,8.2,3.6,0.8,0.3,0.0,0.0,4.8,1.9,1.5,0.0,2.4,Ohio
201,,0.8,2.2,1.0,0.6,0.5,2.3,1.2,0.4,0.2,0.0,0.6,4.8,0.0,0.0,0.0,0.7,Ohio
202,,0.0,0.0,0.0,0.0,0.0,0.0,0.0,0.0,0.0,0.0,0.0,0.0,0.0,0.0,0.0,0.0,Ohio
203,,100.0,100.0,100.0,100.0,100.0,100.0,100.0,100.0,100.0,100.0,100.0,100.0,100.0,100.0,100.0,100.0,Ohio
204,,6.7,4.8,10.0,4.2,9.2,5.0,2.7,25.6,100.0,0.0,0.0,60.0,0.0,0.0,0.0,12.5,Puerto Rico
205,,9.8,8.2,0.0,9.0,16.9,5.0,18.9,14.4,0.0,0.0,16.7,0.0,0.0,0.0,0.0,18.8,Puerto Rico
206,,13.3,8.5,5.0,14.4,9.2,15.0,10.8,19.4,0.0,0.0,8.3,20.0,0.0,0.0,23.1,12.5,Puerto Rico
207,,15.3,6.8,15.0,18.3,12.3,20.0,24.3,10.0,0.0,0.0,25.0,20.0,0.0,0.0,7.7,16.7,Puerto Rico
208,,16.5,10.2,20.0,20.3,13.8,20.0,13.5,5.0,0.0,0.0,16.7,0.0,0.0,0.0,38.5,8.3,Puerto Rico
209,,11.8,15.5,15.0,12.5,9.2,15.0,8.1,1.9,0.0,0.0,16.7,0.0,0.0,0.0,15.4,2.1,Puerto Rico
210,,10.0,15.0,10.0,9.9,7.7,20.0,10.8,0.6,0.0,0.0,8.3,0.0,0.0,0.0,15.4,8.3,Puerto Rico
211,,6.3,10.7,5.0,6.0,6.2,0.0,8.1,1.3,0.0,0.0,0.0,0.0,0.0,0.0,0.0,4.2,Puerto Rico
212,,4.3,9.3,5.0,3.6,7.7,0.0,0.0,0.6,0.0,0.0,0.0,0.0,0.0,0.0,0.0,2.1,Puerto Rico
213,,3.4,10.5,15.0,1.6,6.2,0.0,0.0,0.0,0.0,0.0,0.0,0.0,0.0,0.0,0.0,4.2,Puerto Rico
214,,0.0,0.0,0.0,0.0,0.0,0.0,0.0,0.0,0.0,0.0,0.0,0.0,0.0,0.0,0.0,0.0,Puerto Rico
215,,100.0,100.0,100.0,100.0,100.0,100.0,100.0,100.0,100.0,0.0,100.0,100.0,0.0,0.0,100.0,100.0,Puerto Rico
216,,12.0,7.3,12.0,8.2,13.8,0.0,20.6,22.1,12.7,0.0,7.7,0.0,0.0,0.0,28.6,13.3,Nebraska
217,,18.5,14.5,21.8,24.7,28.3,3.1,23.5,20.5,19.5,25.0,23.1,0.0,0.0,0.0,28.6,15.8,Nebraska
218,,18.2,16.0,18.6,34.0,18.1,9.4,14.7,20.2,19.1,25.0,23.1,28.6,100.0,50.0,14.3,16.4,Nebraska
219,,16.8,14.2,18.0,15.5,15.9,9.4,7.4,12.0,20.8,25.0,7.7,0.0,0.0,0.0,14.3,17.8,Nebraska
220,,10.3,13.0,8.7,1.0,8.0,9.4,8.8,5.9,11.7,12.5,0.0,0.0,0.0,0.0,0.0,8.6,Nebraska
221,,8.1,10.8,8.8,5.2,4.3,18.8,4.4,3.0,7.9,0.0,7.7,0.0,0.0,0.0,0.0,7.0,Nebraska
222,,5.5,9.9,4.4,4.1,6.5,6.3,8.8,2.1,3.0,0.0,0.0,0.0,0.0,0.0,0.0,5.6,Nebraska
223,,3.6,6.3,2.4,2.1,0.0,15.6,0.0,1.4,2.7,0.0,15.4,14.3,0.0,0.0,0.0,3.8,Nebraska
224,,1.9,4.1,1.0,0.0,1.4,21.9,4.4,0.2,0.8,0.0,0.0,14.3,0.0,0.0,0.0,1.8,Nebraska
225,,1.1,2.2,1.1,4.1,0.0,6.3,0.0,0.3,0.2,0.0,0.0,0.0,0.0,0.0,0.0,1.3,Nebraska
226,,0.0,0.0,0.0,0.0,0.0,0.0,0.0,0.0,0.0,0.0,0.0,0.0,0.0,0.0,0.0,0.2,Nebraska
227,,100.0,100.0,100.0,100.0,100.0,100.0,100.0,100.0,100.0,100.0,100.0,100.0,100.0,100.0,100.0,100.0,Nebraska
228,,11.5,7.8,11.7,17.1,14.3,0.0,0.0,15.4,11.8,0.0,0.0,0.0,0.0,0.0,0.0,20.0,Montana
229,,18.7,16.5,16.6,27.6,28.6,0.0,0.0,25.6,19.3,0.0,0.0,0.0,0.0,0.0,0.0,0.0,Montana
230,,17.4,17.4,16.2,17.1,9.5,0.0,0.0,12.8,20.5,0.0,0.0,0.0,0.0,0.0,0.0,20.0,Montana
231,,15.7,11.9,18.2,17.1,23.8,0.0,0.0,7.7,15.4,0.0,33.3,0.0,0.0,0.0,0.0,40.0,Montana
232,,10.8,11.0,11.0,9.2,9.5,0.0,0.0,2.6,12.2,0.0,33.3,0.0,0.0,0.0,0.0,0.0,Montana
233,,8.1,7.8,9.1,1.3,4.8,0.0,0.0,7.7,9.4,0.0,0.0,0.0,0.0,0.0,0.0,20.0,Montana
234,,4.2,6.4,3.9,2.6,0.0,0.0,100.0,0.0,3.9,0.0,0.0,0.0,0.0,0.0,0.0,0.0,Montana
235,,5.5,10.1,6.8,2.6,0.0,0.0,0.0,0.0,2.4,0.0,0.0,0.0,0.0,0.0,0.0,0.0,Montana
236,,2.4,4.6,2.3,1.3,0.0,0.0,0.0,2.6,1.2,0.0,0.0,0.0,0.0,0.0,0.0,0.0,Montana
237,,1.4,4.6,0.6,1.3,0.0,0.0,0.0,0.0,0.0,0.0,0.0,0.0,0.0,0.0,0.0,0.0,Montana
238,,0.0,0.0,0.0,0.0,0.0,0.0,0.0,0.0,0.0,0.0,0.0,0.0,0.0,0.0,0.0,0.0,Montana
239,,100.0,100.0,100.0,100.0,100.0,0.0,100.0,100.0,100.0,0.0,100.0,0.0,0.0,0.0,0.0,100.0,Montana
240,,11.6,6.9,9.1,8.5,9.8,3.3,6.8,21.4,11.3,0.0,16.9,17.6,14.8,7.1,44.4,11.7,Indiana
241,,18.4,11.3,15.3,26.3,18.9,5.6,13.8,19.8,19.1,22.2,12.7,5.9,25.9,14.3,0.0,23.5,Indiana
242,,18.3,13.9,16.3,25.5,19.9,8.9,17.1,15.0,19.9,22.2,19.9,11.8,14.8,28.6,11.1,17.3,Indiana
243,,15.4,13.0,14.2,17.8,18.2,15.1,18.6,10.6,18.3,14.8,16.5,29.4,18.5,21.4,11.1,13.4,Indiana
244,,11.0,13.0,13.1,10.4,12.0,13.4,10.6,6.1,12.6,7.4,7.6,11.8,3.7,14.3,11.1,7.8,Indiana
245,,7.8,12.0,9.5,5.7,7.2,13.8,9.8,3.8,8.7,7.4,3.4,0.0,7.4,14.3,0.0,7.8,Indiana
246,,5.7,11.1,8.8,2.6,3.9,17.4,9.5,2.8,4.5,7.4,1.3,11.8,0.0,0.0,0.0,7.8,Indiana
247,,4.0,9.4,6.4,1.1,3.4,12.2,7.8,2.2,2.1,3.7,4.2,0.0,3.7,0.0,11.1,3.9,Indiana
248,,2.0,5.2,3.2,0.7,2.2,7.2,2.8,0.8,0.9,0.0,2.1,0.0,0.0,0.0,0.0,1.7,Indiana
249,,0.8,2.4,1.1,0.5,0.6,2.1,0.8,0.5,0.2,0.0,1.7,5.9,0.0,0.0,0.0,1.1,Indiana
250,,0.0,0.0,0.0,0.0,0.0,0.0,0.0,0.0,0.0,0.0,0.0,0.0,0.0,0.0,0.0,0.0,Indiana
251,,100.0,100.0,100.0,100.0,100.0,100.0,100.0,100.0,100.0,100.0,100.0,100.0,100.0,100.0,100.0,100.0,Indiana
252,,10.4,6.0,12.9,23.1,23.9,28.6,12.8,18.3,14.3,16.1,40.0,22.2,0.0,0.0,20.0,20.1,South Dakota
253,,14.4,9.4,18.2,29.4,26.9,7.1,15.4,14.9,22.1,38.7,13.3,22.2,20.0,0.0,30.0,16.7,South Dakota
254,,15.8,14.8,18.0,22.4,10.9,0.0,30.8,10.3,18.9,19.4,13.3,11.1,20.0,0.0,10.0,13.8,South Dakota
255,,14.4,14.0,15.4,9.8,14.9,21.4,12.8,9.6,16.8,9.7,0.0,0.0,10.0,0.0,0.0,13.1,South Dakota
256,,9.4,9.9,9.1,4.9,7.5,0.0,5.1,4.1,10.9,6.5,6.7,0.0,10.0,0.0,0.0,7.0,South Dakota
257,,10.1,14.1,7.2,0.7,5.5,35.7,2.6,2.5,6.3,3.2,6.7,0.0,0.0,0.0,0.0,4.5,South Dakota
258,,8.4,13.3,3.7,0.7,1.0,7.1,7.7,1.2,3.0,6.5,0.0,0.0,0.0,0.0,0.0,5.0,South Dakota
259,,6.0,9.4,3.5,2.8,2.0,0.0,2.6,1.5,1.7,0.0,0.0,11.1,0.0,0.0,0.0,3.2,South Dakota
260,,2.9,4.8,1.4,2.1,0.0,0.0,2.6,0.4,0.5,0.0,0.0,0.0,0.0,0.0,0.0,1.1,South Dakota
261,,1.1,1.8,0.5,0.7,0.0,0.0,0.0,0.0,0.1,0.0,6.7,11.1,0.0,0.0,0.0,0.2,South Dakota
262,,0.0,0.0,0.0,0.0,0.0,0.0,0.0,0.0,0.0,0.0,0.0,0.0,0.0,0.0,0.0,0.0,South Dakota
263,,100.0,100.0,100.0,100.0,100.0,100.0,100.0,100.0,100.0,100.0,100.0,100.0,100.0,0.0,100.0,100.0,South Dakota
264,,11.3,4.7,8.5,10.5,14.6,0.8,6.8,17.5,12.3,12.8,21.0,13.3,23.1,10.5,0.0,17.2,Mississippi
265,,15.5,8.1,12.6,23.0,17.3,3.9,17.0,18.3,18.4,21.3,18.1,20.0,15.4,0.0,0.0,13.8,Mississippi
266,,17.1,11.1,14.7,21.6,22.5,5.5,12.1,17.3,20.2,23.4,23.8,13.3,46.2,31.6,0.0,10.3,Mississippi
267,,16.1,15.9,17.3,19.1,16.3,7.7,14.6,12.8,19.5,19.1,9.5,13.3,7.7,10.5,100.0,17.2,Mississippi
268,,11.0,13.2,12.8,10.2,9.7,15.2,15.5,6.8,11.7,10.6,6.7,6.7,7.7,31.6,0.0,6.9,Mississippi
269,,7.8,12.3,8.5,6.3,6.0,14.4,8.3,4.8,7.1,4.3,6.7,6.7,0.0,10.5,0.0,10.3,Mississippi
270,,6.2,12.8,9.5,3.0,2.9,14.6,8.3,2.3,4.2,6.4,3.8,6.7,0.0,5.3,0.0,0.0,Mississippi
271,,5.1,11.1,5.7,2.6,3.3,16.9,8.3,2.0,2.5,0.0,2.9,13.3,0.0,0.0,0.0,6.9,Mississippi
272,,3.3,6.8,5.8,1.2,1.4,13.5,4.4,0.9,1.0,2.1,1.9,0.0,0.0,0.0,0.0,10.3,Mississippi
273,,1.5,3.5,2.3,0.9,1.0,6.6,1.5,0.5,0.3,0.0,1.0,0.0,0.0,0.0,0.0,0.0,Mississippi
274,,0.0,0.0,0.0,0.0,0.0,0.0,0.0,0.0,0.0,0.0,0.0,0.0,0.0,0.0,0.0,0.0,Mississippi
275,,100.0,100.0,100.0,100.0,100.0,100.0,100.0,100.0,100.0,100.0,100.0,100.0,100.0,100.0,100.0,100.0,Mississippi
276,,7.7,3.8,7.1,4.7,8.1,3.9,5.4,22.2,11.6,10.7,11.5,13.7,19.0,2.3,11.1,11.2,Connecticut
277,,14.8,9.9,14.1,15.6,19.6,9.8,10.9,22.0,24.3,25.0,14.7,13.7,16.1,8.7,29.6,15.3,Connecticut
278,,17.6,13.0,16.1,21.2,22.2,15.6,17.4,16.4,24.3,25.0,19.2,30.1,21.2,30.7,11.1,15.3,Connecticut
279,,15.5,14.3,15.2,17.2,17.8,15.7,16.8,12.3,14.8,21.4,22.5,12.3,13.9,30.3,11.1,12.8,Connecticut
280,,11.6,12.6,13.3,11.7,10.8,12.6,15.3,7.2,9.5,14.3,7.8,8.2,10.2,16.8,7.4,9.9,Connecticut
281,,9.3,11.5,10.0,9.5,7.8,12.8,11.5,4.4,6.3,3.6,7.1,4.1,2.2,9.0,3.7,8.4,Connecticut
282,,8.9,12.9,10.0,8.9,5.7,14.0,9.9,3.3,2.6,0.0,7.4,4.1,1.5,1.4,3.7,7.3,Connecticut
283,,7.2,12.4,8.1,6.3,4.1,10.4,7.4,2.2,2.1,0.0,3.3,2.7,0.7,0.7,7.4,6.1,Connecticut
284,,3.6,6.4,3.9,3.1,1.8,4.0,2.3,1.0,1.1,0.0,2.9,1.4,2.9,0.0,11.1,3.6,Connecticut
285,,1.5,2.6,0.9,1.2,0.7,0.8,2.4,0.3,1.1,0.0,0.3,2.7,2.2,0.0,0.0,2.7,Connecticut
286,,0.0,0.0,0.0,0.0,0.0,0.0,0.1,0.0,0.0,0.0,0.0,0.0,0.0,0.0,0.0,0.0,Connecticut
287,,100.0,100.0,100.0,100.0,100.0,100.0,100.0,100.0,100.0,100.0,100.0,100.0,100.0,100.0,100.0,100.0,Connecticut
288,,10.5,5.4,9.0,13.6,10.3,5.2,13.1,14.1,11.2,9.1,15.2,19.2,0.0,7.1,0.0,13.4,Oklahoma
289,,18.9,12.8,15.8,32.2,22.5,8.2,21.5,17.0,20.2,13.6,24.6,19.2,30.8,17.9,25.0,16.1,Oklahoma
290,,19.4,16.1,18.4,25.3,21.6,4.5,24.3,14.1,21.5,22.7,22.5,19.2,15.4,25.0,12.5,17.6,Oklahoma
291,,15.9,14.9,17.5,14.3,18.7,6.7,10.3,9.9,17.9,22.7,11.6,15.4,7.7,21.4,12.5,13.4,Oklahoma
292,,11.2,12.7,13.7,7.1,9.5,12.7,8.4,6.7,12.2,4.5,10.1,3.8,23.1,21.4,12.5,10.9,Oklahoma
293,,7.4,13.6,8.3,2.1,5.8,17.9,4.7,3.8,6.7,4.5,2.2,0.0,7.7,6.0,0.0,8.9,Oklahoma
294,,5.6,10.1,7.8,2.4,3.1,14.2,6.5,3.2,4.6,13.6,2.2,5.8,0.0,0.0,25.0,6.6,Oklahoma
295,,3.6,7.6,4.9,1.4,3.3,19.4,4.7,1.4,2.1,0.0,2.2,3.8,0.0,0.0,0.0,4.3,Oklahoma
296,,1.6,3.8,2.2,0.2,2.1,9.0,0.9,0.9,0.8,0.0,0.0,1.9,0.0,0.0,0.0,1.5,Oklahoma
297,,0.6,1.8,0.4,0.1,0.8,0.7,0.9,0.2,0.3,0.0,0.7,1.9,0.0,0.0,0.0,1.0,Oklahoma
298,,0.0,0.0,0.0,0.0,0.0,0.0,0.0,0.0,0.0,0.0,0.0,0.0,0.0,0.0,0.0,0.0,Oklahoma
299,,100.0,100.0,100.0,100.0,100.0,100.0,100.0,100.0,100.0,100.0,100.0,100.0,100.0,100.0,100.0,100.0,Oklahoma
300,,10.8,6.8,10.1,12.9,16.9,5.2,18.2,19.0,11.8,12.6,26.1,18.8,12.8,50.0,18.2,21.7,Colorado
301,,16.3,11.2,14.6,25.2,23.2,9.5,18.9,17.0,19.5,27.2,18.9,16.5,25.6,16.7,20.5,21.3,Colorado
302,,17.3,14.5,16.1,24.4,20.2,12.2,12.8,12.4,20.8,19.4,15.3,16.5,16.7,0.0,29.5,15.6,Colorado
303,,14.3,13.7,14.0,15.8,13.7,11.6,11.1,8.1,17.4,15.5,8.2,11.8,2.6,16.7,13.6,10.2,Colorado
304,,9.9,10.4,10.0,9.1,7.4,11.8,9.3,6.1,11.4,5.8,5.8,9.4,6.4,16.7,2.3,9.0,Colorado
305,,7.8,10.0,9.0,4.3,4.6,9.1,6.6,3.7,7.3,1.9,2.8,3.5,2.6,0.0,11.4,2.5,Colorado
306,,7.7,11.6,9.6,2.7,2.7,12.7,5.4,2.4,5.0,1.9,3.2,3.5,1.3,0.0,2.3,5.7,Colorado
307,,5.8,9.7,6.8,1.9,2.1,16.1,3.1,1.9,2.6,1.9,1.4,1.2,0.0,0.0,0.0,1.6,Colorado
308,,3.7,6.7,4.5,1.1,1.4,6.6,1.7,0.7,1.0,2.9,1.6,1.2,0.0,0.0,0.0,0.4,Colorado
309,,1.9,3.6,1.8,0.6,1.0,2.0,0.9,0.8,0.4,1.9,0.4,1.2,0.0,0.0,0.0,1.2,Colorado
310,,0.0,0.0,0.0,0.0,0.0,0.0,0.0,0.0,0.0,0.0,0.0,0.0,0.0,0.0,0.0,0.0,Colorado
311,,100.0,100.0,100.0,100.0,100.0,100.0,100.0,100.0,100.0,100.0,100.0,100.0,100.0,100.0,100.0,100.0,Colorado
312,,8.9,6.9,11.5,7.9,6.4,9.1,8.3,23.7,13.0,14.3,15.2,50.0,27.3,0.0,0.0,7.5,Maine
313,,15.5,10.4,17.5,18.7,10.7,15.1,18.5,14.2,16.4,0.0,13.6,30.0,9.1,0.0,0.0,14.2,Maine
314,,20.7,12.9,15.2,25.6,22.4,17.2,28.7,11.6,32.7,21.4,12.1,0.0,36.4,0.0,100.0,19.9,Maine
315,,18.2,13.3,14.3,21.4,24.5,16.7,14.8,8.6,17.9,28.6,27.3,10.0,9.1,0.0,0.0,16.5,Maine
316,,12.1,11.4,11.5,12.1,15.1,13.4,22.2,6.5,10.9,0.0,9.1,0.0,18.2,0.0,0.0,12.0,Maine
317,,7.2,10.4,7.8,6.0,7.4,11.3,2.8,3.9,4.2,14.3,3.0,0.0,0.0,0.0,0.0,7.5,Maine
318,,6.1,11.1,7.7,4.0,5.1,8.6,2.8,2.6,1.6,0.0,7.6,0.0,0.0,0.0,0.0,7.5,Maine
319,,4.6,10.2,6.5,2.0,5.0,4.8,0.0,2.6,1.0,0.0,0.0,0.0,0.0,0.0,0.0,3.7,Maine
320,,2.5,6.0,3.0,1.0,0.9,3.2,0.9,1.7,0.0,14.3,3.0,10.0,0.0,0.0,0.0,4.9,Maine
321,,1.5,5.1,1.7,0.3,0.8,0.0,0.0,0.0,0.0,0.0,1.5,0.0,0.0,0.0,0.0,1.5,Maine
322,,0.2,0.3,0.2,0.2,0.0,0.0,0.9,0.0,0.5,0.0,1.5,0.0,0.0,0.0,0.0,0.0,Maine
323,,100.0,100.0,100.0,100.0,100.0,100.0,100.0,100.0,100.0,100.0,100.0,100.0,100.0,0.0,100.0,100.0,Maine
324,,11.2,6.4,8.6,10.9,12.3,2.5,7.6,18.8,11.5,0.0,14.7,8.0,0.0,0.0,0.0,7.2,South Carolina
325,,16.2,11.0,14.1,23.2,21.0,6.3,13.0,17.9,21.0,0.0,15.6,44.0,36.8,33.3,20.0,10.4,South Carolina
326,,15.4,12.6,14.8,23.7,18.2,11.9,22.3,12.0,21.6,0.0,15.3,24.0,5.3,50.0,10.0,10.5,South Carolina
327,,13.1,13.9,14.4,16.2,16.4,9.5,17.7,7.6,18.2,0.0,14.7,4.0,7.9,16.7,20.0,8.7,South Carolina
328,,9.2,12.1,11.3,10.1,9.6,13.3,14.5,3.3,11.2,0.0,6.3,8.0,7.9,0.0,0.0,7.1,South Carolina
329,,6.7,10.0,9.2,5.8,6.0,10.8,9.1,2.3,6.0,0.0,6.3,8.0,2.6,0.0,40.0,4.2,South Carolina
330,,5.8,10.3,8.8,4.4,4.0,17.3,5.3,1.0,3.0,0.0,3.2,0.0,0.0,0.0,0.0,4.7,South Carolina
331,,5.3,10.2,8.6,2.3,3.6,15.6,4.3,0.9,2.7,0.0,1.5,4.0,2.6,0.0,0.0,3.7,South Carolina
332,,3.0,6.5,4.8,1.3,1.7,9.1,3.2,0.7,1.0,0.0,1.3,0.0,0.0,0.0,0.0,2.9,South Carolina
333,,1.7,5.2,2.9,0.7,0.8,2.8,1.1,0.2,0.4,0.0,0.4,0.0,0.0,0.0,0.0,1.7,South Carolina
334,,0.0,0.1,0.0,0.1,0.0,0.1,0.1,0.1,0.0,0.0,0.0,0.0,0.0,0.0,0.0,0.0,South Carolina
335,,100.0,100.0,100.0,100.0,100.0,100.0,100.0,100.0,100.0,0.0,100.0,100.0,100.0,100.0,100.0,100.0,South Carolina
336,,11.7,2.0,7.3,21.2,16.3,0.0,40.0,14.7,12.3,0.0,0.0,45.5,0.0,0.0,25.0,13.1,North Dakota
337,,16.6,12.6,13.4,35.6,27.9,25.0,0.0,12.4,19.3,0.0,0.0,0.0,20.0,0.0,0.0,14.8,North Dakota
338,,17.9,15.7,16.0,26.7,20.7,0.0,20.0,11.7,23.9,0.0,0.0,0.0,0.0,0.0,25.0,15.3,North Dakota
339,,14.7,15.2,19.8,7.5,10.1,0.0,0.0,9.8,16.1,0.0,0.0,0.0,0.0,0.0,0.0,12.8,North Dakota
340,,9.7,10.6,11.4,4.8,7.7,0.0,20.0,6.1,11.3,0.0,0.0,9.1,20.0,0.0,0.0,9.4,North Dakota
341,,5.8,9.6,8.2,1.4,2.4,25.0,0.0,3.1,5.0,0.0,0.0,9.1,20.0,0.0,0.0,7.1,North Dakota
342,,5.0,9.6,8.4,0.7,2.4,25.0,0.0,2.5,3.3,0.0,0.0,0.0,0.0,0.0,0.0,5.1,North Dakota
343,,5.0,12.6,8.2,0.0,1.9,25.0,20.0,2.0,3.0,0.0,0.0,0.0,0.0,0.0,12.5,5.6,North Dakota
344,,1.5,5.6,2.6,0.7,0.5,0.0,0.0,1.0,0.2,0.0,0.0,18.2,0.0,0.0,0.0,1.5,North Dakota
345,,0.7,4.0,1.2,0.0,0.0,0.0,0.0,0.2,0.1,0.0,0.0,0.0,0.0,0.0,0.0,0.7,North Dakota
346,,0.0,0.0,0.0,0.0,0.0,0.0,0.0,0.0,0.0,0.0,0.0,0.0,0.0,0.0,0.0,0.0,North Dakota
347,,100.0,100.0,100.0,100.0,100.0,100.0,100.0,100.0,100.0,100.0,100.0,100.0,100.0,0.0,100.0,100.0,North Dakota
348,,9.1,5.1,4.8,8.6,6.6,1.1,4.4,17.2,10.0,7.7,12.2,5.8,9.5,2.6,0.0,9.4,Louisiana
349,,14.7,11.3,11.7,20.2,18.2,3.9,10.0,17.8,18.1,23.1,16.2,21.2,16.7,10.5,16.7,14.0,Louisiana
350,,16.4,9.9,12.9,23.8,24.2,9.0,14.0,12.6,19.9,46.2,18.9,26.9,14.3,21.1,16.7,16.7,Louisiana
351,,14.9,13.2,14.2,21.1,18.6,9.7,20.1,8.4,19.0,0.0,14.9,11.5,26.2,21.1,16.7,14.6,Louisiana
352,,11.1,11.9,14.6,10.5,10.1,10.4,18.8,5.9,13.1,7.7,12.2,7.7,14.3,26.3,16.7,10.8,Louisiana
353,,7.6,10.9,10.2,6.3,6.2,10.1,9.2,3.2,6.4,7.7,2.7,1.9,7.1,15.8,16.7,8.3,Louisiana
354,,7.4,12.9,12.3,3.1,5.4,19.3,7.0,3.0,4.8,0.0,9.5,3.8,0.0,0.0,0.0,7.4,Louisiana
355,,6.1,12.5,9.0,2.3,3.1,17.5,7.4,2.1,3.4,7.7,6.8,0.0,0.0,2.6,0.0,6.4,Louisiana
356,,3.5,7.6,4.6,1.8,1.4,14.0,5.7,0.6,1.1,0.0,0.0,1.9,0.0,0.0,0.0,3.8,Louisiana
357,,1.6,3.6,2.2,0.8,1.0,4.9,0.9,0.5,0.2,0.0,0.0,0.0,0.0,0.0,0.0,1.8,Louisiana
358,,0.5,0.0,0.0,0.0,0.0,0.0,0.4,0.0,0.0,0.0,0.0,0.0,0.0,0.0,0.0,1.1,Louisiana
359,,100.0,100.0,100.0,100.0,100.0,100.0,100.0,100.0,100.0,100.0,100.0,100.0,100.0,100.0,100.0,100.0,Louisiana
360,,10.2,7.6,10.9,8.8,9.5,4.5,16.0,14.6,9.8,4.2,18.8,21.4,11.8,100.0,11.1,7.1,Utah
361,,16.0,11.3,14.6,23.2,11.6,9.0,13.3,11.6,16.5,4.2,13.0,14.3,11.8,0.0,44.4,17.9,Utah
362,,19.0,15.5,16.9,27.2,22.6,13.4,17.3,10.8,19.3,50.0,17.4,0.0,17.6,0.0,11.1,14.3,Utah
363,,15.7,13.5,16.0,17.9,18.2,10.4,10.7,9.4,18.3,12.5,13.0,7.1,5.9,0.0,0.0,14.3,Utah
364,,10.8,13.5,12.7,8.6,11.3,6.0,6.7,6.1,12.9,8.3,13.0,21.4,0.0,0.0,11.1,7.1,Utah
365,,7.2,10.8,9.2,5.0,4.8,10.4,13.3,3.4,8.2,8.3,4.3,0.0,5.9,0.0,0.0,14.3,Utah
366,,5.2,8.3,4.7,3.8,4.2,19.4,5.3,2.2,6.0,12.5,2.9,7.1,11.8,0.0,0.0,8.9,Utah
367,,3.7,7.7,3.4,2.7,5.7,16.4,5.3,2.0,3.0,0.0,4.3,0.0,0.0,0.0,11.1,1.8,Utah
368,,1.9,5.0,1.8,1.0,3.0,6.0,0.0,0.6,1.7,0.0,1.4,0.0,0.0,0.0,0.0,1.8,Utah
369,,0.8,2.6,0.7,0.4,2.4,1.5,1.3,0.2,0.5,0.0,1.4,0.0,5.9,0.0,0.0,0.0,Utah
370,,0.0,0.0,0.0,0.0,0.0,0.0,0.0,0.0,0.0,0.0,0.0,0.0,0.0,0.0,0.0,0.0,Utah
371,,100.0,100.0,100.0,100.0,100.0,100.0,100.0,100.0,100.0,100.0,100.0,100.0,100.0,100.0,100.0,100.0,Utah
372,,9.7,6.1,8.2,8.0,9.7,2.9,6.1,18.5,10.0,12.7,22.9,10.7,7.1,3.8,9.1,10.6,Virginia
373,,17.0,11.5,16.3,20.5,16.4,7.4,13.6,20.1,19.9,20.0,20.0,25.0,21.4,14.4,27.3,17.1,Virginia
374,,18.4,14.2,16.6,23.3,21.5,9.6,18.9,17.0,21.4,16.4,11.4,21.4,44.6,24.0,0.0,16.4,Virginia
375,,14.7,12.2,15.3,16.1,18.7,9.9,15.9,11.1,17.0,21.8,15.2,14.3,8.9,14.4,9.1,14.7,Virginia
376,,11.0,12.8,10.8,10.6,11.7,12.6,13.6,6.8,12.6,16.4,6.7,3.6,0.0,15.4,36.4,11.0,Virginia
377,,7.9,10.5,8.3,6.7,7.5,11.8,10.6,4.0,8.2,3.6,6.7,7.1,1.8,13.5,9.1,7.8,Virginia
378,,6.9,10.9,8.6,5.5,4.8,20.4,10.9,2.8,4.2,1.8,3.8,0.0,1.8,6.7,0.0,5.3,Virginia
379,,5.4,10.4,7.3,4.2,2.6,16.1,6.3,2.2,2.5,1.8,1.9,10.7,0.0,3.8,9.1,4.9,Virginia
380,,2.9,6.0,4.2,2.7,1.9,6.4,2.7,1.3,1.1,0.0,1.9,0.0,1.8,2.9,0.0,1.6,Virginia
381,,1.3,3.6,1.5,0.9,0.8,2.5,0.6,0.2,0.2,0.0,1.9,3.6,0.0,0.0,0.0,2.2,Virginia
382,,0.0,0.0,0.0,0.0,0.0,0.0,0.0,0.0,0.0,0.0,0.0,0.0,0.0,0.0,0.0,0.5,Virginia
383,,100.0,100.0,100.0,100.0,100.0,100.0,100.0,100.0,100.0,100.0,100.0,100.0,100.0,100.0,100.0,100.0,Virginia
384,,6.9,3.5,5.2,6.4,10.3,3.6,6.7,17.9,10.6,13.9,13.3,4.7,13.8,1.8,8.2,12.0,New York
385,,13.8,8.4,9.9,18.4,20.0,8.4,13.3,18.8,23.0,20.5,18.5,6.3,19.0,11.3,9.4,21.5,New York
386,,15.6,11.2,12.5,19.7,21.5,11.7,17.0,15.3,22.8,26.4,19.2,8.8,23.3,25.3,11.8,22.6,New York
387,,13.5,12.6,12.9,14.7,16.4,11.3,16.3,10.2,18.6,16.0,15.8,5.5,12.7,24.0,18.8,13.6,New York
388,,10.9,12.3,11.5,10.7,10.1,12.0,12.4,6.4,9.8,8.0,8.6,3.4,9.5,17.8,17.6,8.8,New York
389,,9.1,11.7,10.8,8.2,5.6,12.1,9.5,4.0,5.4,4.2,5.6,2.9,5.5,7.3,17.6,6.8,New York
390,,10.8,13.3,15.8,8.8,4.6,17.5,10.1,2.9,4.2,4.5,4.7,3.1,2.9,3.5,2.4,3.9,New York
391,,9.2,13.1,12.7,7.0,4.1,14.9,8.2,2.1,1.8,0.3,3.5,3.4,2.3,8.0,5.9,3.8,New York
392,,4.6,7.7,5.5,3.7,2.5,5.9,3.5,0.7,0.8,0.3,2.4,3.7,0.9,1.0,4.7,1.9,New York
393,,2.5,5.4,1.7,1.7,1.5,1.8,1.4,0.4,0.2,0.7,1.2,54.6,0.3,0.0,1.2,1.0,New York
394,,0.0,0.0,0.0,0.0,0.0,0.0,0.0,0.0,0.0,0.0,0.0,0.0,0.0,0.0,0.0,0.0,New York
395,,100.0,100.0,100.0,100.0,100.0,100.0,100.0,100.0,100.0,100.0,100.0,100.0,100.0,100.0,100.0,100.0,New York
396,,8.1,6.1,9.2,4.8,6.1,2.9,4.2,20.3,8.8,0.0,18.5,20.0,3.8,0.0,11.1,11.2,Delaware
397,,16.2,10.5,12.2,19.2,14.5,10.2,12.2,21.4,18.2,0.0,14.8,10.0,17.3,11.1,11.1,12.7,Delaware
398,,18.0,11.0,12.1,22.8,22.3,11.0,16.0,17.3,16.0,44.4,20.4,30.0,36.5,33.3,22.2,12.0,Delaware
399,,15.5,13.3,15.3,18.3,18.1,10.2,16.0,11.1,14.4,22.2,16.7,20.0,17.3,20.0,22.2,12.1,Delaware
400,,10.8,10.1,12.8,11.8,11.7,10.6,12.2,8.3,12.7,0.0,7.4,10.0,17.3,17.8,0.0,8.6,Delaware
401,,7.8,9.5,10.0,7.8,7.6,12.4,10.7,4.0,12.2,11.1,5.6,0.0,5.8,2.2,22.2,7.3,Delaware
402,,8.2,12.2,12.2,6.7,7.9,18.8,11.8,3.7,9.4,0.0,7.4,0.0,0.0,8.9,11.1,8.8,Delaware
403,,6.8,13.5,9.3,4.6,5.9,15.7,8.4,3.4,6.1,11.1,0.0,0.0,0.0,0.0,0.0,8.6,Delaware
404,,3.9,7.9,3.8,2.5,2.9,6.2,6.1,2.1,2.2,0.0,5.6,0.0,0.0,2.2,0.0,6.6,Delaware
405,,2.6,5.1,1.6,1.2,2.0,2.0,1.5,0.9,0.0,0.0,1.9,0.0,0.0,4.4,0.0,7.4,Delaware
406,,0.0,0.0,0.0,0.0,0.0,0.0,0.0,0.0,0.0,0.0,0.0,0.0,0.0,0.0,0.0,0.0,Delaware
407,,100.0,100.0,100.0,100.0,100.0,100.0,100.0,100.0,100.0,100.0,100.0,100.0,100.0,100.0,100.0,100.0,Delaware
408,,9.3,7.5,7.9,6.2,6.3,2.7,7.1,17.7,10.3,9.7,14.8,3.8,9.1,0.0,0.0,10.2,Kentucky
409,,16.6,12.3,11.5,24.8,16.0,6.8,11.4,18.3,17.1,18.1,17.6,13.2,9.1,50.0,0.0,19.1,Kentucky
410,,17.8,13.3,14.3,23.9,20.3,5.7,11.8,16.6,19.0,17.4,16.5,15.1,45.5,50.0,40.0,23.5,Kentucky
411,,16.7,12.3,14.9,18.6,19.9,11.3,19.6,12.2,19.9,18.7,18.2,15.1,0.0,0.0,20.0,14.6,Kentucky
412,,13.4,12.9,15.5,11.6,14.6,17.6,13.7,10.8,14.3,15.1,6.8,13.2,18.2,0.0,0.0,10.2,Kentucky
413,,8.7,11.0,11.0,6.3,9.8,14.9,11.8,5.2,8.2,8.8,8.0,11.3,0.0,0.0,40.0,6.5,Kentucky
414,,6.3,11.4,9.0,3.6,5.1,14.0,11.8,3.9,4.8,5.9,8.0,13.2,9.1,0.0,0.0,4.0,Kentucky
415,,4.9,10.0,9.7,2.5,4.0,13.5,8.2,2.6,2.6,3.2,1.1,3.8,0.0,0.0,0.0,3.5,Kentucky
416,,2.3,5.3,3.4,1.0,1.8,10.7,2.4,1.0,1.0,0.9,1.7,3.8,0.0,0.0,0.0,2.2,Kentucky
417,,0.6,1.7,0.2,0.3,0.6,2.5,1.2,0.1,0.2,0.0,1.7,5.7,0.0,0.0,0.0,0.8,Kentucky
418,,0.1,0.1,0.2,0.0,0.0,0.2,0.0,0.0,0.2,0.0,0.0,0.0,0.0,0.0,0.0,0.3,Kentucky
419,,100.0,100.0,100.0,100.0,100.0,100.0,100.0,100.0,100.0,100.0,100.0,100.0,100.0,100.0,100.0,100.0,Kentucky
420,,5.2,3.0,4.9,5.5,6.5,5.0,4.8,12.1,6.3,5.0,6.7,0.0,9.5,15.1,0.0,5.8,Massachusetts
421,,15.1,8.8,13.1,17.6,16.7,14.0,16.6,15.6,20.1,20.0,14.8,18.8,33.3,26.4,0.0,16.5,Massachusetts
422,,20.5,11.8,18.0,23.5,23.2,20.9,25.2,16.1,24.0,25.0,24.0,18.8,9.5,20.8,100.0,24.1,Massachusetts
423,,18.2,14.1,17.7,19.6,18.9,19.0,18.5,9.7,20.1,20.0,20.5,6.3,14.3,28.3,0.0,22.3,Massachusetts
424,,12.0,11.2,13.0,12.3,11.0,11.7,13.3,6.7,10.4,0.0,11.3,18.8,4.8,3.8,0.0,12.5,Massachusetts
425,,9.4,13.3,10.4,8.3,7.8,10.0,9.4,4.5,6.5,0.0,5.2,6.3,4.8,3.8,0.0,7.8,Massachusetts
426,,8.3,14.4,11.0,6.3,6.1,8.3,6.7,3.2,3.9,5.0,4.2,0.0,4.8,0.0,0.0,5.4,Massachusetts
427,,6.0,13.0,7.0,3.9,3.9,6.3,3.0,2.0,4.1,15.0,3.4,6.3,0.0,0.0,0.0,3.8,Massachusetts
428,,2.8,7.1,2.9,1.6,2.4,2.9,1.0,0.9,0.7,0.0,2.0,6.3,0.0,0.0,0.0,1.1,Massachusetts
429,,1.0,2.7,0.8,0.7,1.1,0.6,0.5,0.8,0.2,0.0,0.5,0.0,0.0,0.0,0.0,0.2,Massachusetts
430,,0.0,0.0,0.0,0.0,0.0,0.0,0.0,0.0,0.0,0.0,0.0,0.0,0.0,0.0,0.0,0.0,Massachusetts
431,,100.0,100.0,100.0,100.0,100.0,100.0,100.0,100.0,100.0,100.0,100.0,100.0,100.0,100.0,100.0,100.0,Massachusetts
432,,10.5,5.9,10.2,8.5,7.1,2.1,7.9,17.2,11.6,7.4,15.2,20.0,14.3,0.0,33.3,8.6,Alabama
433,,16.4,9.4,15.3,20.8,16.3,8.3,13.5,17.3,19.3,14.8,16.0,0.0,14.3,0.0,0.0,12.2,Alabama
434,,16.6,13.3,14.9,21.9,20.4,7.6,16.8,11.4,18.9,22.2,23.2,30.0,0.0,0.0,0.0,25.2,Alabama
435,,15.8,14.1,12.9,21.2,21.0,11.2,16.1,8.7,18.6,22.2,14.4,0.0,28.6,0.0,0.0,13.7,Alabama
436,,10.9,12.5,12.8,12.1,12.7,9.4,18.1,6.1,11.7,3.7,8.0,0.0,28.6,0.0,33.3,11.5,Alabama
437,,7.5,10.9,8.0,5.9,8.2,12.4,9.2,3.6,9.3,7.4,0.0,10.0,0.0,0.0,16.7,1.4,Alabama
438,,5.6,11.6,6.9,4.0,5.8,17.4,6.9,2.0,4.2,0.0,2.4,0.0,0.0,0.0,0.0,2.9,Alabama
439,,4.3,10.5,6.9,2.6,3.2,17.9,5.9,1.0,2.3,7.4,4.0,0.0,0.0,0.0,0.0,2.2,Alabama
440,,2.4,6.4,3.3,1.3,2.8,8.9,2.6,0.7,1.2,0.0,1.6,10.0,0.0,0.0,0.0,0.7,Alabama
441,,1.0,3.1,1.5,0.4,1.2,4.1,0.7,0.1,0.3,0.0,0.0,0.0,0.0,0.0,0.0,1.4,Alabama
442,,0.0,0.0,0.0,0.0,0.0,0.0,0.0,0.0,0.0,0.0,0.0,0.0,0.0,0.0,0.0,0.0,Alabama
443,,100.0,100.0,100.0,100.0,100.0,100.0,100.0,100.0,100.0,100.0,100.0,100.0,100.0,0.0,100.0,100.0,Alabama
444,,9.3,6.0,10.7,8.9,18.7,10.4,18.4,22.5,6.7,14.3,40.6,11.1,7.1,0.0,0.0,9.2,Arizona
445,,15.8,13.4,15.1,23.3,21.7,10.4,25.0,22.9,17.3,31.0,28.1,44.4,42.9,0.0,25.0,15.6,Arizona
446,,17.0,15.5,17.0,25.1,20.0,10.4,15.1,14.3,20.7,11.9,0.0,22.2,14.3,100.0,0.0,16.9,Arizona
447,,14.5,15.1,18.8,15.5,13.9,14.6,12.5,9.5,17.8,11.9,6.3,11.1,0.0,0.0,0.0,14.4,Arizona
448,,10.7,12.2,12.5,9.8,6.2,12.5,7.2,6.7,13.0,7.1,9.4,0.0,0.0,0.0,25.0,10.7,Arizona
449,,8.3,10.2,8.4,5.9,4.7,14.6,11.2,3.4,8.6,14.3,6.3,0.0,7.1,0.0,0.0,8.4,Arizona
450,,7.8,9.4,6.0,4.9,3.0,6.3,3.3,3.6,7.6,0.0,0.0,0.0,7.1,0.0,0.0,7.8,Arizona
451,,6.7,8.1,4.9,2.1,3.0,14.6,2.6,3.2,4.8,2.4,0.0,0.0,14.3,0.0,50.0,6.8,Arizona
452,,4.2,5.9,3.1,1.8,1.5,0.0,0.0,2.3,1.7,2.4,0.0,0.0,0.0,0.0,0.0,4.3,Arizona
453,,2.4,2.6,0.5,1.7,1.1,4.2,0.7,0.7,0.7,0.0,0.0,0.0,0.0,0.0,0.0,2.5,Arizona
454,,0.0,0.0,0.0,0.0,0.0,0.0,0.0,0.0,0.0,0.0,0.0,0.0,0.0,0.0,0.0,0.0,Arizona
455,,100.0,100.0,100.0,100.0,100.0,100.0,100.0,100.0,100.0,100.0,100.0,100.0,100.0,100.0,100.0,100.0,Arizona
456,,8.8,5.4,8.2,5.8,13.3,2.1,16.4,13.7,9.1,9.1,17.2,21.4,13.0,2.4,21.1,11.7,California
457,,19.0,13.1,18.7,20.0,23.5,4.7,24.9,16.1,20.2,36.4,18.2,22.1,15.6,5.3,25.3,22.0,California
458,,19.2,15.6,19.2,20.2,21.7,6.0,20.3,13.1,21.5,21.6,12.0,11.9,9.1,16.2,15.8,20.4,California
459,,14.9,14.6,15.5,14.6,13.4,6.6,12.1,8.5,17.9,4.5,10.6,5.6,13.0,12.6,14.7,14.4,California
460,,10.0,11.8,10.8,10.1,7.6,8.2,6.5,4.7,11.6,8.0,5.4,5.8,7.8,22.3,8.4,8.3,California
461,,6.7,9.9,7.6,6.4,3.9,11.8,4.2,2.7,7.3,2.3,4.0,5.8,9.1,15.8,2.1,5.7,California
462,,6.4,10.8,7.7,7.1,3.2,20.9,3.6,2.0,5.6,3.4,3.0,4.7,5.2,12.6,0.0,4.0,California
463,,5.3,9.7,5.9,6.9,2.8,23.0,4.2,1.6,3.5,1.1,2.2,1.9,5.2,10.5,4.2,3.7,California
464,,2.9,5.4,2.6,4.8,1.9,11.4,1.5,0.5,1.4,0.0,1.8,1.6,0.0,1.6,0.0,2.3,California
465,,1.5,2.4,0.9,3.4,1.6,4.5,0.5,0.3,0.3,1.1,1.8,0.9,0.0,0.8,0.0,1.1,California
466,,0.0,0.0,0.0,0.0,0.0,0.0,0.0,0.0,0.0,0.0,0.0,0.0,0.0,0.0,0.0,0.0,California
467,,100.0,100.0,100.0,100.0,100.0,100.0,100.0,100.0,100.0,100.0,100.0,100.0,100.0,100.0,100.0,100.0,California
468,,7.4,5.9,6.1,7.8,8.6,5.6,9.1,9.9,11.9,0.0,6.7,0.0,16.7,0.0,0.0,8.2,Alaska
469,,16.1,10.9,13.6,25.4,12.3,0.0,18.2,15.6,20.8,17.2,6.7,0.0,0.0,0.0,0.0,15.5,Alaska
470,,19.4,16.7,17.5,24.8,17.1,5.6,9.1,13.8,26.1,24.1,20.0,75.0,50.0,0.0,0.0,18.6,Alaska
471,,16.1,15.1,17.3,19.3,19.8,11.1,0.0,9.1,14.6,24.1,13.3,0.0,0.0,0.0,50.0,12.4,Alaska
472,,10.0,10.9,10.5,8.7,12.8,11.1,22.7,6.3,9.9,10.3,6.7,0.0,0.0,0.0,50.0,8.2,Alaska
473,,8.6,12.7,10.9,4.6,2.7,0.0,9.1,3.4,6.7,0.0,6.7,0.0,0.0,0.0,0.0,7.2,Alaska
474,,6.3,9.2,7.9,3.9,4.3,16.7,13.6,2.9,2.3,6.9,0.0,0.0,0.0,0.0,0.0,5.2,Alaska
475,,5.6,7.7,7.6,2.3,8.0,22.2,4.5,2.6,2.0,6.9,6.7,0.0,16.7,0.0,0.0,5.2,Alaska
476,,3.6,7.3,3.7,1.2,2.7,22.2,0.0,1.0,0.5,3.4,0.0,0.0,0.0,0.0,0.0,4.1,Alaska
477,,1.4,2.7,1.4,0.3,2.7,5.6,4.5,1.0,0.2,0.0,0.0,0.0,0.0,0.0,0.0,0.0,Alaska
478,,0.0,0.0,0.0,0.0,0.0,0.0,0.0,0.0,0.0,0.0,0.0,0.0,0.0,0.0,0.0,0.0,Alaska
479,,100.0,100.0,100.0,100.0,100.0,100.0,100.0,100.0,100.0,100.0,100.0,100.0,100.0,0.0,100.0,100.0,Alaska
480,,9.2,5.7,9.5,3.5,11.7,4.4,7.8,21.1,11.9,5.3,25.9,25.0,23.5,3.7,12.5,12.3,Illinois
481,,14.6,10.5,15.7,11.7,18.8,8.0,19.7,20.6,19.1,10.5,21.6,25.0,17.6,11.1,12.5,14.0,Illinois
482,,15.1,14.7,17.9,12.4,21.5,10.3,17.7,13.5,18.8,0.0,7.8,0.0,5.9,31.5,25.0,12.0,Illinois
483,,13.2,14.8,13.4,11.9,15.3,9.9,11.9,8.6,19.0,26.3,4.3,25.0,11.8,22.2,12.5,11.3,Illinois
484,,10.2,12.4,12.4,9.0,10.2,9.5,10.8,4.9,11.1,15.8,6.0,12.5,0.0,20.4,0.0,8.5,Illinois
485,,9.1,11.8,8.2,10.8,6.9,12.3,8.9,3.2,8.2,10.5,2.6,0.0,5.9,7.4,12.5,10.0,Illinois
486,,8.8,10.4,7.5,13.1,4.2,17.5,9.6,2.5,4.7,15.8,1.7,12.5,0.0,1.9,0.0,8.3,Illinois
487,,7.0,8.4,7.1,10.3,4.0,14.5,6.9,1.2,2.3,0.0,2.6,0.0,0.0,0.0,0.0,7.8,Illinois
488,,4.8,5.6,3.6,9.2,2.3,9.1,3.4,1.0,1.1,0.0,2.6,0.0,0.0,0.0,0.0,4.5,Illinois
489,,3.2,3.6,1.9,7.6,2.1,3.9,1.4,0.3,0.2,0.0,0.0,0.0,0.0,0.0,0.0,6.0,Illinois
490,,0.0,0.0,0.0,0.0,0.0,0.0,0.0,0.0,0.0,0.0,0.0,0.0,0.0,0.0,0.0,0.0,Illinois
491,,100.0,100.0,100.0,100.0,100.0,100.0,100.0,100.0,100.0,100.0,100.0,100.0,100.0,100.0,100.0,100.0,Illinois
492,,15.5,13.3,20.5,17.1,0.0,0.0,0.0,13.8,17.0,0.0,0.0,0.0,0.0,0.0,0.0,0.0,Idaho
493,,17.1,15.7,12.8,46.3,12.5,0.0,0.0,3.4,16.3,100.0,0.0,0.0,0.0,0.0,0.0,0.0,Idaho
494,,15.2,13.3,15.4,24.4,12.5,0.0,0.0,3.4,19.1,0.0,0.0,0.0,0.0,0.0,0.0,0.0,Idaho
495,,12.8,13.3,12.8,9.8,12.5,0.0,0.0,3.4,17.7,0.0,0.0,0.0,0.0,0.0,0.0,0.0,Idaho
496,,5.9,10.8,5.1,0.0,0.0,0.0,0.0,1.7,7.1,0.0,0.0,0.0,0.0,0.0,0.0,0.0,Idaho
497,,6.1,9.6,5.1,2.4,12.5,0.0,0.0,1.7,7.1,0.0,0.0,0.0,0.0,0.0,0.0,0.0,Idaho
498,,2.4,4.8,0.0,0.0,0.0,0.0,33.3,1.7,2.1,0.0,0.0,0.0,0.0,0.0,0.0,0.0,Idaho
499,,4.3,12.0,5.1,0.0,12.5,0.0,0.0,1.7,1.4,0.0,0.0,0.0,0.0,0.0,0.0,0.0,Idaho
500,,1.6,2.4,2.6,0.0,0.0,0.0,33.3,0.0,1.4,0.0,0.0,0.0,0.0,0.0,0.0,0.0,Idaho
501,,0.3,1.2,0.0,0.0,0.0,0.0,0.0,0.0,0.0,0.0,0.0,0.0,0.0,0.0,0.0,0.0,Idaho
502,,0.0,0.0,0.0,0.0,0.0,0.0,0.0,0.0,0.0,0.0,0.0,0.0,0.0,0.0,0.0,0.0,Idaho
503,,100.0,100.0,100.0,100.0,100.0,0.0,100.0,100.0,100.0,100.0,0.0,0.0,0.0,0.0,0.0,0.0,Idaho
504,,12.8,8.8,14.0,12.1,17.9,3.6,10.4,18.4,11.2,15.3,28.8,15.4,18.4,0.0,4.5,9.8,Iowa
505,,16.4,11.7,18.0,30.6,16.5,11.8,19.7,14.7,18.4,27.1,14.4,30.8,23.7,0.0,18.2,9.0,Iowa
506,,16.7,14.2,16.3,22.9,20.6,7.3,16.9,11.8,20.8,27.1,8.6,7.7,7.9,0.0,18.2,10.7,Iowa
507,,14.5,13.6,14.5,12.4,12.2,10.9,12.6,9.5,19.1,7.1,3.6,0.0,5.3,0.0,22.7,10.7,Iowa
508,,10.1,12.0,9.8,8.8,9.0,10.0,13.1,5.0,12.5,5.9,4.3,7.7,0.0,33.3,4.5,5.7,Iowa
509,,6.6,10.2,6.6,4.3,5.0,10.9,7.1,2.9,6.8,7.1,2.9,0.0,2.6,33.3,0.0,4.9,Iowa
510,,4.9,8.8,5.0,2.5,3.4,18.2,6.6,1.6,4.4,0.0,0.0,7.7,2.6,33.3,0.0,4.1,Iowa
511,,4.1,8.6,4.0,2.6,3.4,20.0,2.7,1.2,2.8,2.4,2.9,0.0,5.3,0.0,0.0,3.3,Iowa
512,,2.3,5.0,2.3,1.9,1.7,7.3,3.3,1.1,1.0,2.4,2.2,7.7,0.0,0.0,0.0,4.9,Iowa
513,,1.1,3.1,1.0,1.0,1.6,0.0,1.1,0.3,0.2,0.0,0.0,0.0,2.6,0.0,0.0,0.8,Iowa
514,,0.0,0.0,0.0,0.0,0.0,0.0,0.0,0.0,0.0,0.0,0.0,0.0,0.0,0.0,0.0,0.0,Iowa
515,,100.0,100.0,100.0,100.0,100.0,100.0,100.0,100.0,100.0,100.0,100.0,100.0,100.0,100.0,100.0,100.0,Iowa
516,,8.0,5.4,8.7,8.8,7.0,5.0,6.7,17.7,6.0,25.0,8.6,66.7,0.0,0.0,0.0,8.7,Vermont
517,,17.1,10.0,18.3,23.5,16.7,16.5,20.6,14.7,15.5,12.5,8.6,0.0,33.3,0.0,33.3,17.4,Vermont
518,,18.9,12.5,16.1,25.4,21.4,21.7,21.8,11.6,24.1,18.8,11.4,0.0,22.2,0.0,33.3,4.3,Vermont
519,,16.9,12.9,14.1,20.5,20.7,20.9,15.8,9.0,26.7,18.8,28.6,16.7,0.0,0.0,0.0,13.0,Vermont
520,,10.8,12.2,10.7,9.3,13.1,13.2,13.9,3.6,14.7,12.5,5.7,0.0,0.0,0.0,0.0,13.0,Vermont
521,,7.1,10.5,7.7,5.4,7.0,5.7,9.1,3.9,1.7,0.0,8.6,0.0,0.0,0.0,0.0,0.0,Vermont
522,,6.7,11.8,8.0,3.3,6.1,7.0,3.0,2.6,3.4,6.3,0.0,0.0,0.0,0.0,33.3,8.7,Vermont
523,,5.5,11.5,8.0,1.3,3.4,5.2,7.3,0.8,0.0,6.3,2.9,16.7,0.0,0.0,0.0,0.0,Vermont
524,,3.0,7.0,2.3,1.2,2.7,1.5,0.0,0.5,0.0,0.0,5.7,0.0,0.0,0.0,0.0,0.0,Vermont
525,,1.4,3.9,0.7,0.1,0.6,1.2,0.0,0.8,0.9,0.0,2.9,0.0,0.0,0.0,0.0,4.3,Vermont
526,,0.0,0.0,0.0,0.0,0.0,0.0,0.0,0.0,0.0,0.0,0.0,0.0,0.0,0.0,0.0,0.0,Vermont
527,,100.0,100.0,100.0,100.0,100.0,100.0,100.0,100.0,100.0,100.0,100.0,100.0,100.0,0.0,100.0,100.0,Vermont
528,,10.7,7.8,4.0,13.8,9.0,0.0,0.0,24.4,8.9,0.0,0.0,0.0,0.0,0.0,0.0,14.0,West Virginia
529,,17.7,14.3,8.0,25.0,12.7,14.3,20.0,24.4,19.5,0.0,7.1,100.0,0.0,0.0,0.0,12.4,West Virginia
530,,18.2,8.5,14.7,20.9,19.5,14.3,30.0,13.3,26.7,100.0,21.4,0.0,0.0,0.0,0.0,16.6,West Virginia
531,,16.4,11.2,18.7,19.7,18.6,0.0,50.0,2.2,19.1,0.0,28.6,0.0,0.0,0.0,100.0,10.9,West Virginia
532,,11.0,13.6,18.7,7.3,17.2,28.6,0.0,2.2,9.7,0.0,7.1,0.0,0.0,0.0,0.0,9.3,West Virginia
533,,8.9,12.2,8.0,6.4,8.6,0.0,0.0,11.1,5.1,0.0,7.1,0.0,0.0,0.0,0.0,15.0,West Virginia
534,,5.5,8.8,9.3,2.1,3.6,14.3,0.0,6.7,5.5,0.0,14.3,0.0,0.0,0.0,0.0,7.8,West Virginia
535,,4.3,8.5,9.3,1.1,4.5,28.6,0.0,2.2,2.5,0.0,0.0,0.0,0.0,0.0,0.0,5.2,West Virginia
536,,3.3,7.8,6.7,0.9,1.8,0.0,0.0,8.9,0.8,0.0,14.3,0.0,0.0,0.0,0.0,3.1,West Virginia
537,,1.4,3.7,0.0,0.0,1.8,0.0,0.0,0.0,0.0,0.0,0.0,0.0,0.0,0.0,0.0,3.6,West Virginia
538,,0.7,1.7,2.7,0.2,0.5,0.0,0.0,0.0,0.0,0.0,0.0,0.0,0.0,0.0,0.0,0.5,West Virginia
539,,100.0,100.0,100.0,100.0,100.0,100.0,100.0,100.0,100.0,100.0,100.0,100.0,0.0,0.0,100.0,100.0,West Virginia
540,,11.0,5.8,10.2,13.2,11.1,1.9,19.0,18.4,11.5,23.1,11.7,9.5,8.3,0.0,0.0,8.1,Kansas
541,,16.9,12.4,16.0,28.5,20.4,4.3,16.4,13.6,18.9,7.7,18.3,4.8,33.3,5.4,0.0,18.1,Kansas
542,,18.8,16.5,19.0,26.4,20.1,6.2,17.2,9.9,21.9,23.1,15.0,19.0,8.3,32.4,40.0,19.5,Kansas
543,,16.4,15.4,15.2,12.8,18.8,12.4,14.7,9.6,18.9,7.7,6.7,9.5,0.0,32.4,0.0,19.5,Kansas
544,,9.7,12.6,10.2,6.1,7.4,9.0,9.5,5.4,10.5,7.7,11.7,0.0,0.0,27.0,0.0,9.0,Kansas
545,,7.1,10.5,8.2,4.2,3.2,11.4,7.8,3.0,7.2,7.7,1.7,4.8,25.0,2.7,20.0,7.9,Kansas
546,,5.5,10.2,6.8,2.7,3.3,19.5,4.3,2.2,4.5,0.0,1.7,0.0,0.0,0.0,0.0,6.0,Kansas
547,,3.9,8.9,5.3,0.6,1.7,17.1,6.0,1.9,2.6,0.0,3.3,0.0,0.0,0.0,0.0,3.4,Kansas
548,,2.0,4.1,2.5,2.5,1.7,13.8,1.7,0.4,1.0,0.0,1.7,14.3,0.0,0.0,0.0,2.2,Kansas
549,,0.6,1.7,0.7,0.4,0.8,3.3,0.0,0.1,0.3,0.0,0.0,0.0,0.0,0.0,20.0,0.5,Kansas
550,,0.1,0.0,0.2,0.2,0.0,0.0,0.0,0.1,0.1,0.0,0.0,0.0,0.0,0.0,0.0,0.0,Kansas
551,,100.0,100.0,100.0,100.0,100.0,100.0,100.0,100.0,100.0,100.0,100.0,100.0,100.0,100.0,100.0,100.0,Kansas
552,,8.6,4.6,9.9,6.4,14.1,4.1,7.9,22.7,12.0,0.0,18.8,0.0,11.7,1.7,6.3,11.7,New Jersey
553,,15.3,9.6,14.9,16.7,20.9,9.1,12.2,21.8,16.4,0.0,18.8,22.2,19.8,10.0,37.5,21.7,New Jersey
554,,17.7,12.8,15.5,20.7,21.4,13.1,14.1,16.2,22.8,100.0,19.7,0.0,18.2,30.9,6.3,16.4,New Jersey
555,,14.6,13.8,14.9,15.2,14.3,14.4,14.9,10.5,19.2,0.0,12.3,0.0,18.6,33.9,9.4,16.6,New Jersey
556,,10.9,12.8,12.1,10.4,8.6,11.1,12.1,7.2,13.5,0.0,9.1,22.2,7.7,16.0,6.3,9.9,New Jersey
557,,9.1,12.1,9.6,8.9,6.2,13.1,11.0,3.2,6.4,0.0,5.2,11.1,6.1,5.2,12.5,5.4,New Jersey
558,,9.2,12.8,8.9,9.3,4.7,15.7,13.7,2.0,5.1,0.0,5.1,0.0,8.1,0.8,9.4,5.8,New Jersey
559,,7.5,11.9,8.0,6.9,3.9,12.9,8.5,1.2,1.9,0.0,3.3,22.2,3.6,1.3,3.1,4.0,New Jersey
560,,3.7,6.6,2.9,3.4,2.4,4.7,3.7,0.5,1.3,0.0,1.9,11.1,2.8,0.0,0.0,1.6,New Jersey
561,,1.3,2.3,0.7,1.3,0.9,1.3,0.9,0.1,0.2,0.0,0.9,11.1,1.2,0.0,0.0,1.3,New Jersey
562,,0.0,0.0,0.0,0.0,0.0,0.0,0.0,0.0,0.0,0.0,0.0,0.0,0.0,0.0,0.0,0.0,New Jersey
563,,100.0,100.0,100.0,100.0,100.0,100.0,100.0,100.0,100.0,100.0,100.0,100.0,100.0,100.0,100.0,100.0,New Jersey
564,,9.8,3.6,7.8,12.0,18.8,18.2,15.2,11.4,11.4,14.3,17.4,0.0,0.0,0.0,70.0,7.9,Washington
565,,19.7,13.0,17.5,26.9,28.2,0.0,15.2,15.5,19.4,28.6,21.7,0.0,40.0,80.0,0.0,18.2,Washington
566,,19.3,12.6,15.7,24.0,20.0,13.6,17.4,14.7,21.7,28.6,10.9,100.0,0.0,20.0,10.0,19.7,Washington
567,,15.6,16.4,17.3,17.7,11.4,9.1,4.3,10.0,15.9,0.0,17.4,0.0,40.0,0.0,0.0,15.7,Washington
568,,9.5,11.5,11.1,7.4,4.8,0.0,10.9,5.2,10.6,14.3,2.2,0.0,0.0,0.0,20.0,10.2,Washington
569,,7.2,12.1,8.6,3.5,2.8,0.0,10.9,6.9,8.5,0.0,0.0,0.0,20.0,0.0,0.0,7.2,Washington
570,,5.4,10.6,5.7,2.6,1.5,45.5,6.5,1.6,5.2,0.0,0.0,0.0,0.0,0.0,0.0,6.4,Washington
571,,4.7,11.1,8.8,1.7,1.2,9.1,2.2,0.8,2.4,0.0,0.0,0.0,0.0,0.0,0.0,5.4,Washington
572,,1.6,4.6,2.4,0.4,0.5,4.5,2.2,0.7,0.8,0.0,0.0,0.0,0.0,0.0,0.0,1.8,Washington
573,,0.3,0.9,0.2,0.1,0.1,0.0,0.0,0.0,0.2,0.0,0.0,0.0,0.0,0.0,0.0,0.3,Washington
574,,2.2,2.4,1.7,1.9,1.0,0.0,2.2,2.0,1.7,0.0,2.2,0.0,0.0,0.0,0.0,3.0,Washington
575,,100.0,100.0,100.0,100.0,100.0,100.0,100.0,100.0,100.0,100.0,100.0,100.0,100.0,100.0,100.0,100.0,Washington
576,,8.7,5.8,7.9,7.2,9.4,1.8,14.4,11.9,9.8,5.3,15.3,26.7,4.3,0.9,12.5,6.6,Missouri
577,,16.7,11.0,15.3,22.0,20.8,5.2,15.3,14.1,17.6,15.8,18.9,6.7,21.7,4.5,25.0,20.8,Missouri
578,,18.1,13.4,16.7,22.9,22.2,5.2,14.0,13.3,19.6,5.3,16.8,26.7,13.0,20.0,6.3,22.4,Missouri
579,,16.1,14.6,15.4,17.1,17.9,8.2,11.7,10.2,18.7,31.6,10.5,26.7,19.6,30.0,12.5,17.2,Missouri
580,,11.6,11.6,12.5,12.3,11.0,10.8,13.1,7.2,13.3,26.3,4.7,0.0,8.7,20.9,12.5,10.3,Missouri
581,,7.8,10.9,9.3,6.7,6.6,13.3,5.4,4.5,8.1,0.0,5.8,6.7,6.5,13.6,0.0,6.8,Missouri
582,,6.1,11.4,8.0,3.9,3.7,20.1,5.0,3.0,5.4,5.3,3.7,0.0,2.2,3.6,12.5,4.9,Missouri
583,,5.0,10.6,7.3,3.5,2.5,20.5,9.0,2.0,3.5,5.3,1.1,0.0,2.2,4.5,0.0,2.4,Missouri
584,,2.5,6.2,3.2,2.4,1.7,10.8,4.1,0.7,1.1,0.0,1.6,0.0,0.0,0.9,0.0,1.3,Missouri
585,,1.0,3.0,1.1,0.9,0.5,3.2,0.9,0.5,0.2,0.0,0.0,0.0,0.0,0.0,6.3,0.3,Missouri
586,,0.0,0.0,0.0,0.0,0.0,0.0,0.0,0.0,0.0,0.0,0.0,0.0,0.0,0.0,0.0,0.0,Missouri
587,,100.0,100.0,100.0,100.0,100.0,100.0,100.0,100.0,100.0,100.0,100.0,100.0,100.0,100.0,100.0,100.0,Missouri
588,,7.6,4.4,7.7,4.4,11.0,2.0,4.7,20.4,7.1,6.3,21.5,0.0,0.0,0.0,0.0,5.4,Rhode Island
589,,14.8,9.6,14.0,14.7,19.4,12.9,15.3,18.8,12.9,25.0,16.3,41.2,12.5,0.0,0.0,25.0,Rhode Island
590,,18.7,13.8,18.4,22.4,21.6,17.8,20.0,15.0,29.3,12.5,21.5,0.0,25.0,0.0,0.0,11.6,Rhode Island
591,,15.9,12.1,14.7,19.8,18.4,16.4,18.3,11.0,18.6,31.3,11.9,23.5,0.0,0.0,0.0,10.7,Rhode Island
592,,12.1,12.8,13.6,12.0,10.4,16.7,12.8,8.1,20.0,18.8,11.1,5.9,0.0,100.0,100.0,3.6,Rhode Island
593,,9.6,11.8,10.2,11.2,7.4,12.3,6.0,3.8,3.6,0.0,6.7,17.6,12.5,0.0,0.0,7.1,Rhode Island
594,,8.2,12.2,10.2,6.5,4.9,12.1,13.2,3.6,2.1,6.3,3.7,0.0,0.0,0.0,0.0,0.9,Rhode Island
595,,6.5,11.7,7.1,5.5,3.3,4.2,5.5,1.8,2.1,0.0,4.4,0.0,0.0,0.0,0.0,9.8,Rhode Island
596,,3.5,7.6,2.4,2.4,1.4,4.2,2.1,0.7,0.7,0.0,0.7,5.9,0.0,0.0,0.0,3.6,Rhode Island
597,,1.2,3.0,0.7,0.6,0.4,1.1,1.7,0.0,1.4,0.0,0.0,5.9,0.0,0.0,0.0,1.8,Rhode Island
598,,0.2,0.0,0.0,0.0,0.0,0.0,0.0,0.0,0.0,0.0,0.0,0.0,0.0,0.0,0.0,17.0,Rhode Island
599,,100.0,100.0,100.0,100.0,100.0,100.0,100.0,100.0,100.0,100.0,100.0,100.0,100.0,100.0,100.0,100.0,Rhode Island
